HomeTeam,AwayTeam,HomeGoals,AwayGoals
Aston Villa,West Ham,3,0
Blackburn,Everton,1,0
Bolton,Fulham,0,0
Chelsea,West Brom,6,0
Sunderland,Birmingham,2,2
Tottenham,Man City,0,0
Wigan,Blackpool,0,4
Wolves,Stoke,2,1
Liverpool,Arsenal,1,1
Man United,Newcastle,3,0
Arsenal,Blackpool,6,0
Birmingham,Blackburn,2,1
Everton,Wolves,1,1
Stoke,Tottenham,1,2
West Brom,Sunderland,1,0
West Ham,Bolton,1,3
Wigan,Chelsea,0,6
Fulham,Man United,2,2
Newcastle,Aston Villa,6,0
Man City,Liverpool,3,0
Blackburn,Arsenal,1,2
Blackpool,Fulham,2,2
Chelsea,Stoke,2,0
Man United,West Ham,3,0
Tottenham,Wigan,0,1
Wolves,Newcastle,1,1
Aston Villa,Everton,1,0
Bolton,Birmingham,2,2
Liverpool,West Brom,1,0
Sunderland,Man City,1,0
Arsenal,Bolton,4,1
Everton,Man United,3,3
Fulham,Wolves,2,1
Man City,Blackburn,1,1
Newcastle,Blackpool,0,2
West Brom,Tottenham,1,1
West Ham,Chelsea,1,3
Wigan,Sunderland,1,1
Birmingham,Liverpool,0,0
Stoke,Aston Villa,2,1
Aston Villa,Bolton,1,1
Blackburn,Fulham,1,1
Everton,Newcastle,0,1
Stoke,West Ham,1,1
Sunderland,Arsenal,1,1
Tottenham,Wolves,3,1
West Brom,Birmingham,3,1
Chelsea,Blackpool,4,0
Man United,Liverpool,3,2
Wigan,Man City,0,2
Arsenal,West Brom,2,3
Birmingham,Wigan,0,0
Blackpool,Blackburn,1,2
Fulham,Everton,0,0
Liverpool,Sunderland,2,2
Man City,Chelsea,1,0
West Ham,Tottenham,1,0
Bolton,Man United,2,2
Newcastle,Stoke,1,2
Wolves,Aston Villa,1,2
Birmingham,Everton,0,2
Stoke,Blackburn,1,0
Sunderland,Man United,0,0
Tottenham,Aston Villa,2,1
West Brom,Bolton,1,1
West Ham,Fulham,1,1
Wigan,Wolves,2,0
Chelsea,Arsenal,2,0
Liverpool,Blackpool,1,2
Man City,Newcastle,2,1
Arsenal,Birmingham,2,1
Aston Villa,Chelsea,0,0
Bolton,Stoke,2,1
Fulham,Tottenham,1,2
Man United,West Brom,2,2
Newcastle,Wigan,2,2
Wolves,West Ham,1,1
Blackpool,Man City,2,3
Everton,Liverpool,2,0
Blackburn,Sunderland,0,0
Birmingham,Blackpool,2,0
Chelsea,Wolves,2,0
Sunderland,Aston Villa,1,0
Tottenham,Everton,1,1
West Brom,Fulham,2,1
West Ham,Newcastle,1,2
Wigan,Bolton,1,1
Liverpool,Blackburn,2,1
Man City,Arsenal,0,3
Stoke,Man United,1,2
Arsenal,West Ham,1,0
Blackburn,Chelsea,1,2
Everton,Stoke,1,0
Fulham,Wigan,2,0
Man United,Tottenham,2,0
Wolves,Man City,2,1
Aston Villa,Birmingham,0,0
Bolton,Liverpool,0,1
Newcastle,Sunderland,5,1
Blackpool,West Brom,2,1
Birmingham,West Ham,2,2
Blackburn,Wigan,2,1
Blackpool,Everton,2,2
Bolton,Tottenham,4,2
Fulham,Aston Villa,1,1
Man United,Wolves,2,1
Sunderland,Stoke,2,0
Arsenal,Newcastle,0,1
Liverpool,Chelsea,2,0
West Brom,Man City,0,2
Stoke,Birmingham,3,2
Tottenham,Sunderland,1,1
Aston Villa,Blackpool,3,2
Chelsea,Fulham,1,0
Everton,Bolton,1,1
Man City,Man United,0,0
Newcastle,Blackburn,1,2
West Ham,West Brom,2,2
Wigan,Liverpool,1,1
Wolves,Arsenal,0,2
Aston Villa,Man United,2,2
Man City,Birmingham,0,0
Newcastle,Fulham,0,0
Stoke,Liverpool,2,0
Tottenham,Blackburn,4,2
West Ham,Blackpool,0,0
Wigan,West Brom,1,0
Wolves,Bolton,2,3
Chelsea,Sunderland,0,3
Everton,Arsenal,1,2
Arsenal,Tottenham,2,3
Birmingham,Chelsea,1,0
Blackpool,Wolves,2,1
Bolton,Newcastle,5,1
Liverpool,West Ham,3,0
Man United,Wigan,2,0
West Brom,Stoke,0,3
Blackburn,Aston Villa,2,0
Fulham,Man City,1,4
Sunderland,Everton,2,2
Aston Villa,Arsenal,2,4
Bolton,Blackpool,2,2
Everton,West Brom,1,4
Fulham,Birmingham,1,1
Man United,Blackburn,7,1
Stoke,Man City,1,1
West Ham,Wigan,3,1
Wolves,Sunderland,3,2
Newcastle,Chelsea,1,1
Tottenham,Liverpool,2,1
Arsenal,Fulham,2,1
Birmingham,Tottenham,1,1
Blackburn,Wolves,3,0
Chelsea,Everton,1,1
Man City,Bolton,1,0
Wigan,Stoke,2,2
Sunderland,West Ham,1,0
West Brom,Newcastle,3,1
Liverpool,Aston Villa,3,0
Aston Villa,West Brom,2,1
Everton,Wigan,0,0
Fulham,Sunderland,0,0
Newcastle,Liverpool,3,1
Stoke,Blackpool,0,1
West Ham,Man City,1,3
Bolton,Blackburn,2,1
Tottenham,Chelsea,1,1
Wolves,Birmingham,1,0
Man United,Arsenal,1,0
Blackburn,West Ham,1,1
Sunderland,Bolton,1,0
Man City,Everton,1,2
Aston Villa,Tottenham,1,2
Blackburn,Stoke,0,2
Bolton,West Brom,2,0
Fulham,West Ham,1,3
Man United,Sunderland,2,0
Newcastle,Man City,1,3
Wolves,Wigan,1,2
Arsenal,Chelsea,3,1
Birmingham,Man United,1,1
Man City,Aston Villa,4,0
Stoke,Fulham,0,2
Sunderland,Blackpool,0,2
Tottenham,Newcastle,2,0
West Brom,Blackburn,1,3
West Ham,Everton,1,1
Chelsea,Bolton,1,0
Liverpool,Wolves,0,1
Wigan,Arsenal,2,2
Birmingham,Arsenal,0,3
Liverpool,Bolton,2,1
Man City,Blackpool,1,0
Stoke,Everton,2,0
Sunderland,Blackburn,3,0
Tottenham,Fulham,1,0
West Brom,Man United,1,2
West Ham,Wolves,2,0
Chelsea,Aston Villa,3,3
Wigan,Newcastle,0,1
Blackpool,Birmingham,1,2
Fulham,West Brom,3,0
Man United,Stoke,2,1
Arsenal,Man City,0,0
Aston Villa,Sunderland,0,1
Blackburn,Liverpool,3,1
Bolton,Wigan,1,1
Everton,Tottenham,2,1
Newcastle,West Ham,5,0
Wolves,Chelsea,1,0
Blackpool,Liverpool,2,1
Chelsea,Blackburn,2,0
Man City,Wolves,4,3
Stoke,Bolton,2,0
West Brom,Blackpool,3,2
West Ham,Arsenal,0,3
Wigan,Fulham,1,1
Birmingham,Aston Villa,1,1
Liverpool,Everton,2,2
Sunderland,Newcastle,1,1
Tottenham,Man United,0,0
Arsenal,Wigan,3,0
Aston Villa,Man City,1,0
Blackpool,Sunderland,1,2
Everton,West Ham,2,2
Fulham,Stoke,2,0
Man United,Birmingham,5,0
Newcastle,Tottenham,1,1
Wolves,Liverpool,0,3
Blackburn,West Brom,2,0
Bolton,Chelsea,0,4
Blackpool,Man United,2,3
Wigan,Aston Villa,1,2
Liverpool,Fulham,1,0
Arsenal,Everton,2,1
Man United,Aston Villa,3,1
Sunderland,Chelsea,2,4
West Brom,Wigan,2,2
Birmingham,Man City,2,2
Blackburn,Tottenham,0,1
Blackpool,West Ham,1,3
Bolton,Wolves,1,0
Fulham,Newcastle,1,0
Liverpool,Stoke,2,0
Aston Villa,Fulham,2,2
Everton,Blackpool,5,3
Man City,West Brom,3,0
Newcastle,Arsenal,4,4
Stoke,Sunderland,3,2
Tottenham,Bolton,2,1
Wigan,Blackburn,4,3
Wolves,Man United,2,1
Chelsea,Liverpool,0,1
West Ham,Birmingham,0,1
Arsenal,Wolves,2,0
Birmingham,Stoke,1,0
Blackburn,Newcastle,0,0
Blackpool,Aston Villa,1,1
Liverpool,Wigan,1,1
Man United,Man City,2,1
Sunderland,Tottenham,1,2
West Brom,West Ham,3,3
Bolton,Everton,2,0
Fulham,Chelsea,0,0
Birmingham,Newcastle,0,2
West Brom,Wolves,1,1
Blackpool,Tottenham,3,1
Arsenal,Stoke,1,0
Aston Villa,Blackburn,4,1
Everton,Sunderland,2,0
Newcastle,Bolton,1,1
Wigan,Man United,0,4
Wolves,Blackpool,4,0
Man City,Fulham,1,1
West Ham,Liverpool,3,1
Stoke,West Brom,1,1
Chelsea,Man United,2,1
Arsenal,Sunderland,0,0
Birmingham,West Brom,1,3
Bolton,Aston Villa,3,2
Fulham,Blackburn,3,2
Man City,Wigan,1,0
Newcastle,Everton,1,2
West Ham,Stoke,3,0
Liverpool,Man United,3,1
Wolves,Tottenham,3,3
Blackpool,Chelsea,1,3
Everton,Birmingham,1,1
Aston Villa,Wolves,0,1
Blackburn,Blackpool,2,2
Everton,Fulham,2,1
Man United,Bolton,1,0
Stoke,Newcastle,4,0
Tottenham,West Ham,0,0
West Brom,Arsenal,2,2
Wigan,Birmingham,2,1
Chelsea,Man City,2,0
Sunderland,Liverpool,0,2
Arsenal,Blackburn,0,0
Birmingham,Bolton,2,1
Everton,Aston Villa,2,2
Newcastle,Wolves,4,1
Stoke,Chelsea,1,1
West Brom,Liverpool,2,1
West Ham,Man United,2,4
Wigan,Tottenham,0,0
Fulham,Blackpool,3,0
Man City,Sunderland,5,0
Blackburn,Birmingham,1,1
Bolton,West Ham,3,0
Chelsea,Wigan,1,0
Man United,Fulham,2,0
Sunderland,West Brom,2,3
Tottenham,Stoke,3,2
Wolves,Everton,0,3
Aston Villa,Newcastle,1,0
Blackpool,Arsenal,1,3
Liverpool,Man City,3,0
Birmingham,Sunderland,2,0
Blackpool,Wigan,1,3
Everton,Blackburn,2,0
West Brom,Chelsea,1,3
West Ham,Aston Villa,1,2
Arsenal,Liverpool,1,1
Newcastle,Man United,0,0
Chelsea,Birmingham,3,1
Tottenham,Arsenal,3,3
Aston Villa,Stoke,1,1
Blackpool,Newcastle,1,1
Chelsea,West Ham,3,0
Liverpool,Birmingham,5,0
Man United,Everton,1,0
Sunderland,Wigan,4,2
Tottenham,West Brom,2,2
Wolves,Fulham,1,1
Bolton,Arsenal,2,1
Blackburn,Man City,0,1
Stoke,Wolves,3,0
Fulham,Bolton,3,0
Blackburn,Bolton,1,0
Blackpool,Stoke,0,0
Chelsea,Tottenham,2,1
Sunderland,Fulham,0,3
West Brom,Aston Villa,2,1
Wigan,Everton,1,1
Arsenal,Man United,1,0
Birmingham,Wolves,1,1
Liverpool,Newcastle,3,0
Man City,West Ham,2,1
Aston Villa,Wigan,1,1
Bolton,Sunderland,1,2
Everton,Man City,2,1
Newcastle,Birmingham,2,1
Tottenham,Blackpool,1,1
West Ham,Blackburn,1,1
Man United,Chelsea,2,1
Stoke,Arsenal,3,1
Wolves,West Brom,3,1
Fulham,Liverpool,2,5
Man City,Tottenham,1,0
Blackburn,Man United,1,1
Blackpool,Bolton,4,3
Sunderland,Wolves,1,3
West Brom,Everton,1,0
Arsenal,Aston Villa,1,2
Birmingham,Fulham,0,2
Chelsea,Newcastle,2,2
Liverpool,Tottenham,0,2
Wigan,West Ham,3,2
Man City,Stoke,3,0
Aston Villa,Liverpool,1,0
Bolton,Man City,0,2
Everton,Chelsea,1,0
Fulham,Arsenal,2,2
Man United,Blackpool,4,2
Newcastle,West Brom,3,3
Stoke,Wigan,0,1
Tottenham,Birmingham,2,1
West Ham,Sunderland,0,3
Wolves,Blackburn,2,3
Blackburn,Wolves,1,2
Fulham,Aston Villa,0,0
Liverpool,Sunderland,1,1
Newcastle,Arsenal,0,0
QPR,Bolton,0,4
Wigan,Norwich,1,1
Stoke,Chelsea,0,0
West Brom,Man United,1,2
Man City,Swansea,4,0
Arsenal,Liverpool,0,2
Aston Villa,Blackburn,3,1
Chelsea,West Brom,2,1
Everton,QPR,0,1
Sunderland,Newcastle,0,1
Swansea,Wigan,0,0
Bolton,Man City,2,3
Norwich,Stoke,1,1
Wolves,Fulham,2,0
Man United,Tottenham,3,0
Aston Villa,Wolves,0,0
Blackburn,Everton,0,1
Chelsea,Norwich,3,1
Liverpool,Bolton,3,1
Swansea,Sunderland,0,0
Wigan,QPR,2,0
Man United,Arsenal,8,2
Newcastle,Fulham,2,1
Tottenham,Man City,1,5
West Brom,Stoke,0,1
Arsenal,Swansea,1,0
Bolton,Man United,0,5
Everton,Aston Villa,2,2
Man City,Wigan,3,0
Stoke,Liverpool,1,0
Sunderland,Chelsea,1,2
Wolves,Tottenham,0,2
Fulham,Blackburn,1,1
Norwich,West Brom,0,1
QPR,Newcastle,0,0
Aston Villa,Newcastle,1,1
Blackburn,Arsenal,4,3
Bolton,Norwich,1,2
Everton,Wigan,3,1
Swansea,West Brom,3,0
Wolves,QPR,0,3
Fulham,Man City,2,2
Man United,Chelsea,3,1
Sunderland,Stoke,4,0
Tottenham,Liverpool,4,0
Arsenal,Bolton,3,0
Chelsea,Swansea,4,1
Liverpool,Wolves,2,1
Man City,Everton,2,0
Newcastle,Blackburn,3,1
Stoke,Man United,1,1
West Brom,Fulham,0,0
Wigan,Tottenham,1,2
QPR,Aston Villa,1,1
Norwich,Sunderland,2,1
Aston Villa,Wigan,2,0
Blackburn,Man City,0,4
Everton,Liverpool,0,2
Man United,Norwich,2,0
Sunderland,West Brom,2,2
Wolves,Newcastle,1,2
Bolton,Chelsea,1,5
Fulham,QPR,6,0
Swansea,Stoke,2,0
Tottenham,Arsenal,2,1
Chelsea,Everton,3,1
Liverpool,Man United,1,1
Man City,Aston Villa,4,1
Norwich,Swansea,3,1
QPR,Blackburn,1,1
Stoke,Fulham,2,0
Wigan,Bolton,1,3
Arsenal,Sunderland,2,1
Newcastle,Tottenham,2,2
West Brom,Wolves,2,0
Aston Villa,West Brom,1,2
Bolton,Sunderland,0,2
Liverpool,Norwich,1,1
Newcastle,Wigan,1,0
Wolves,Swansea,2,2
Arsenal,Stoke,3,1
Blackburn,Tottenham,1,2
Fulham,Everton,1,3
Man United,Man City,1,6
QPR,Chelsea,1,0
Chelsea,Arsenal,3,5
Everton,Man United,0,1
Man City,Wolves,3,1
Norwich,Blackburn,3,3
Sunderland,Aston Villa,2,2
Swansea,Bolton,3,1
West Brom,Liverpool,0,2
Wigan,Fulham,0,2
Tottenham,QPR,3,1
Stoke,Newcastle,1,3
Arsenal,West Brom,3,0
Aston Villa,Norwich,3,2
Blackburn,Chelsea,0,1
Liverpool,Swansea,0,0
Man United,Sunderland,1,0
Newcastle,Everton,2,1
QPR,Man City,2,3
Bolton,Stoke,5,0
Fulham,Tottenham,1,3
Wolves,Wigan,3,1
Everton,Wolves,2,1
Man City,Newcastle,3,1
Norwich,Arsenal,1,2
Stoke,QPR,2,3
Sunderland,Fulham,0,0
Swansea,Man United,0,1
West Brom,Bolton,2,1
Wigan,Blackburn,3,3
Chelsea,Liverpool,1,2
Tottenham,Aston Villa,2,0
Arsenal,Fulham,1,1
Bolton,Everton,0,2
Chelsea,Wolves,3,0
Man United,Newcastle,1,1
Norwich,QPR,2,1
Stoke,Blackburn,3,1
Sunderland,Wigan,1,2
West Brom,Tottenham,1,3
Liverpool,Man City,1,1
Swansea,Aston Villa,0,0
Aston Villa,Man United,0,1
Blackburn,Swansea,4,2
Man City,Norwich,5,1
Newcastle,Chelsea,0,3
QPR,West Brom,1,1
Tottenham,Bolton,3,0
Wigan,Arsenal,0,4
Everton,Stoke,0,1
Wolves,Sunderland,2,1
Fulham,Liverpool,1,0
Arsenal,Everton,1,0
Bolton,Aston Villa,1,2
Liverpool,QPR,1,0
Man United,Wolves,4,1
Norwich,Newcastle,4,2
Swansea,Fulham,2,0
West Brom,Wigan,1,2
Stoke,Tottenham,2,1
Sunderland,Blackburn,2,1
Chelsea,Man City,2,1
Blackburn,West Brom,1,2
Everton,Norwich,1,1
Fulham,Bolton,2,0
Newcastle,Swansea,0,0
Wigan,Chelsea,1,1
Wolves,Stoke,1,2
Aston Villa,Liverpool,0,2
Man City,Arsenal,1,0
QPR,Man United,0,2
Tottenham,Sunderland,1,0
Blackburn,Bolton,1,2
Wolves,Norwich,2,2
Aston Villa,Arsenal,1,2
Everton,Swansea,1,0
Fulham,Man United,0,5
Man City,Stoke,3,0
Newcastle,West Brom,2,3
QPR,Sunderland,2,3
Wigan,Liverpool,0,0
Tottenham,Chelsea,1,1
Bolton,Newcastle,0,2
Chelsea,Fulham,1,1
Liverpool,Blackburn,1,1
Man United,Wigan,5,0
Stoke,Aston Villa,0,0
Sunderland,Everton,1,1
West Brom,Man City,0,0
Arsenal,Wolves,1,1
Norwich,Tottenham,0,2
Swansea,QPR,1,1
Liverpool,Newcastle,3,1
Arsenal,QPR,1,0
Bolton,Wolves,1,1
Chelsea,Aston Villa,1,3
Man United,Blackburn,2,3
Norwich,Fulham,1,1
Stoke,Wigan,2,2
Swansea,Tottenham,1,1
Sunderland,Man City,1,0
West Brom,Everton,0,1
Aston Villa,Swansea,0,2
Blackburn,Stoke,1,2
Fulham,Arsenal,2,1
QPR,Norwich,1,2
Wolves,Chelsea,1,2
Man City,Liverpool,3,0
Tottenham,West Brom,1,0
Wigan,Sunderland,1,4
Everton,Bolton,1,2
Newcastle,Man United,3,0
Tottenham,Everton,2,0
Aston Villa,Everton,1,1
Blackburn,Fulham,3,1
Chelsea,Sunderland,1,0
Liverpool,Stoke,0,0
Man United,Bolton,3,0
Tottenham,Wolves,1,1
West Brom,Norwich,1,2
Newcastle,QPR,1,0
Swansea,Arsenal,3,2
Wigan,Man City,0,1
Bolton,Liverpool,3,1
Everton,Blackburn,1,1
Fulham,Newcastle,5,2
Norwich,Chelsea,0,0
QPR,Wigan,3,1
Stoke,West Brom,1,2
Sunderland,Swansea,2,0
Wolves,Aston Villa,2,3
Arsenal,Man United,1,2
Man City,Tottenham,3,2
Everton,Man City,1,0
Man United,Stoke,2,0
Swansea,Chelsea,1,1
Tottenham,Wigan,3,1
Wolves,Liverpool,0,3
Aston Villa,QPR,2,2
Blackburn,Newcastle,0,2
Bolton,Arsenal,0,0
Fulham,West Brom,1,1
Sunderland,Norwich,3,0
Arsenal,Blackburn,7,1
Man City,Fulham,3,0
Norwich,Bolton,2,0
QPR,Wolves,1,2
Stoke,Sunderland,0,1
West Brom,Swansea,1,2
Wigan,Everton,1,1
Chelsea,Man United,3,3
Newcastle,Aston Villa,2,1
Liverpool,Tottenham,0,0
Blackburn,QPR,3,2
Bolton,Wigan,1,2
Everton,Chelsea,2,0
Fulham,Stoke,2,1
Man United,Liverpool,2,1
Sunderland,Arsenal,1,2
Swansea,Norwich,2,3
Tottenham,Newcastle,5,0
Aston Villa,Man City,0,1
Wolves,West Brom,1,5
Chelsea,Bolton,3,0
Man City,Blackburn,3,0
Newcastle,Wolves,2,2
QPR,Fulham,0,1
West Brom,Sunderland,4,0
Wigan,Aston Villa,0,0
Arsenal,Tottenham,5,2
Norwich,Man United,1,2
Stoke,Swansea,2,0
Blackburn,Aston Villa,1,1
Liverpool,Arsenal,1,2
Man City,Bolton,2,0
QPR,Everton,1,1
Stoke,Norwich,1,0
West Brom,Chelsea,1,0
Wigan,Swansea,0,2
Fulham,Wolves,5,0
Newcastle,Sunderland,1,1
Tottenham,Man United,1,3
Aston Villa,Fulham,1,0
Bolton,QPR,2,1
Chelsea,Stoke,1,0
Everton,Tottenham,1,0
Sunderland,Liverpool,1,0
Wolves,Blackburn,0,2
Man United,West Brom,2,0
Norwich,Wigan,1,1
Swansea,Man City,1,0
Arsenal,Newcastle,2,1
Liverpool,Everton,3,0
Fulham,Swansea,0,3
Wigan,West Brom,1,1
Newcastle,Norwich,1,0
Wolves,Man United,0,5
Blackburn,Sunderland,2,0
Everton,Arsenal,0,1
Man City,Chelsea,2,1
QPR,Liverpool,3,2
Tottenham,Stoke,1,1
Arsenal,Aston Villa,3,0
Bolton,Blackburn,2,1
Chelsea,Tottenham,0,0
Liverpool,Wigan,1,2
Norwich,Wolves,2,1
Stoke,Man City,1,1
Sunderland,QPR,3,1
Swansea,Everton,0,2
West Brom,Newcastle,1,3
Man United,Fulham,1,0
Aston Villa,Chelsea,2,4
Everton,West Brom,2,0
Fulham,Norwich,2,1
Man City,Sunderland,3,3
QPR,Arsenal,2,1
Wigan,Stoke,2,0
Wolves,Bolton,2,3
Newcastle,Liverpool,2,0
Tottenham,Swansea,3,1
Blackburn,Man United,0,2
Swansea,Newcastle,0,2
Bolton,Fulham,0,3
Chelsea,Wigan,2,1
Liverpool,Aston Villa,1,1
Norwich,Everton,2,2
Stoke,Wolves,2,1
Sunderland,Tottenham,0,0
West Brom,Blackburn,3,0
Arsenal,Man City,1,0
Man United,QPR,2,0
Aston Villa,Stoke,1,1
Everton,Sunderland,4,0
Fulham,Chelsea,1,1
Newcastle,Bolton,2,0
Tottenham,Norwich,1,2
Blackburn,Liverpool,2,3
Man City,West Brom,4,0
QPR,Swansea,3,0
Wigan,Man United,1,0
Wolves,Arsenal,0,3
Norwich,Man City,1,6
Sunderland,Wolves,0,0
Swansea,Blackburn,3,0
West Brom,QPR,1,0
Man United,Aston Villa,4,0
Arsenal,Wigan,1,2
Arsenal,Chelsea,0,0
Aston Villa,Sunderland,0,0
Blackburn,Norwich,2,0
Bolton,Swansea,1,1
Fulham,Wigan,2,1
Newcastle,Stoke,3,0
QPR,Tottenham,1,0
Liverpool,West Brom,0,1
Man United,Everton,4,4
Wolves,Man City,0,2
Aston Villa,Bolton,1,2
Everton,Fulham,4,0
Norwich,Liverpool,0,3
Stoke,Arsenal,1,1
Sunderland,Bolton,2,2
Swansea,Wolves,4,4
West Brom,Aston Villa,0,0
Wigan,Newcastle,4,0
Chelsea,QPR,6,1
Tottenham,Blackburn,2,0
Man City,Man United,1,0
Liverpool,Fulham,0,1
Stoke,Everton,1,1
Bolton,Tottenham,1,4
Chelsea,Newcastle,0,2
Arsenal,Norwich,3,3
Aston Villa,Tottenham,1,1
Bolton,West Brom,2,2
Fulham,Sunderland,2,1
Man United,Swansea,2,0
Newcastle,Man City,0,2
QPR,Stoke,1,0
Wolves,Everton,0,0
Blackburn,Wigan,0,1
Liverpool,Chelsea,4,1
Chelsea,Blackburn,2,1
Everton,Newcastle,3,1
Man City,QPR,3,2
Norwich,Aston Villa,2,0
Stoke,Bolton,2,2
Sunderland,Man United,0,1
Swansea,Liverpool,1,0
Tottenham,Fulham,2,0
West Brom,Arsenal,2,3
Wigan,Wolves,3,2
Arsenal,Sunderland,0,0
Fulham,Norwich,5,0
Newcastle,Tottenham,2,1
QPR,Swansea,0,5
Reading,Stoke,1,1
West Brom,Liverpool,3,0
West Ham,Aston Villa,1,0
Man City,Southampton,3,2
Wigan,Chelsea,0,2
Everton,Man United,1,0
Chelsea,Reading,4,2
Aston Villa,Everton,1,3
Chelsea,Newcastle,2,0
Man United,Fulham,3,2
Norwich,QPR,1,1
Southampton,Wigan,0,2
Swansea,West Ham,3,0
Tottenham,West Brom,1,1
Liverpool,Man City,2,2
Stoke,Arsenal,0,0
Man City,QPR,3,1
Swansea,Sunderland,2,2
Tottenham,Norwich,1,1
West Brom,Everton,2,0
West Ham,Fulham,3,0
Wigan,Stoke,2,2
Liverpool,Arsenal,0,2
Newcastle,Aston Villa,1,1
Southampton,Man United,2,3
Arsenal,Southampton,6,1
Aston Villa,Swansea,2,0
Fulham,West Brom,3,0
Man United,Wigan,4,0
Norwich,West Ham,0,0
QPR,Chelsea,0,0
Stoke,Man City,1,1
Sunderland,Liverpool,1,1
Reading,Tottenham,1,3
Everton,Newcastle,2,2
Chelsea,Stoke,1,0
Southampton,Aston Villa,4,1
Swansea,Everton,0,3
West Brom,Reading,1,0
West Ham,Sunderland,1,1
Wigan,Fulham,1,2
Liverpool,Man United,1,2
Man City,Arsenal,1,1
Newcastle,Norwich,1,0
Tottenham,QPR,2,1
Arsenal,Chelsea,1,2
Everton,Southampton,3,1
Fulham,Man City,1,2
Man United,Tottenham,2,3
Norwich,Liverpool,2,5
Reading,Newcastle,2,2
Stoke,Swansea,2,0
Sunderland,Wigan,1,0
Aston Villa,West Brom,1,1
QPR,West Ham,1,2
Chelsea,Norwich,4,1
Man City,Sunderland,3,0
Swansea,Reading,2,2
West Brom,QPR,3,2
West Ham,Arsenal,1,3
Wigan,Everton,2,2
Liverpool,Stoke,0,0
Newcastle,Man United,0,3
Southampton,Fulham,2,2
Tottenham,Aston Villa,2,0
Fulham,Aston Villa,1,0
Liverpool,Reading,1,0
Man United,Stoke,4,2
Norwich,Arsenal,1,0
Swansea,Wigan,2,1
Tottenham,Chelsea,2,4
West Brom,Man City,1,2
West Ham,Southampton,4,1
QPR,Everton,1,1
Sunderland,Newcastle,1,1
Arsenal,QPR,1,0
Aston Villa,Norwich,1,1
Man City,Swansea,1,0
Reading,Fulham,3,3
Stoke,Sunderland,0,0
Wigan,West Ham,2,1
Chelsea,Man United,2,3
Everton,Liverpool,2,2
Newcastle,West Brom,2,1
Southampton,Tottenham,1,2
Fulham,Everton,2,2
Man United,Arsenal,2,1
Norwich,Stoke,1,0
Sunderland,Aston Villa,0,1
Swansea,Chelsea,1,1
Tottenham,Wigan,0,1
West Ham,Man City,0,0
Liverpool,Newcastle,1,1
QPR,Reading,1,1
West Brom,Southampton,2,0
Arsenal,Fulham,3,3
Aston Villa,Man United,2,3
Everton,Sunderland,2,1
Reading,Norwich,0,0
Southampton,Swansea,1,1
Stoke,QPR,1,0
Wigan,West Brom,1,2
Chelsea,Liverpool,1,1
Man City,Tottenham,2,1
Newcastle,West Ham,0,1
Arsenal,Tottenham,5,2
Liverpool,Wigan,3,0
Man City,Aston Villa,5,0
Newcastle,Swansea,1,2
Norwich,Man United,1,0
QPR,Southampton,1,3
Reading,Everton,2,1
West Brom,Chelsea,2,1
Fulham,Sunderland,1,3
West Ham,Stoke,1,1
Aston Villa,Arsenal,0,0
Everton,Norwich,1,1
Man United,QPR,3,1
Stoke,Fulham,1,0
Sunderland,West Brom,2,4
Wigan,Reading,3,2
Chelsea,Man City,0,0
Southampton,Newcastle,2,0
Swansea,Liverpool,0,0
Tottenham,West Ham,3,1
Aston Villa,Reading,1,0
Sunderland,QPR,0,0
Chelsea,Fulham,0,0
Everton,Arsenal,1,1
Man United,West Ham,1,0
Southampton,Norwich,1,1
Stoke,Newcastle,2,1
Swansea,West Brom,3,1
Tottenham,Liverpool,2,1
Wigan,Man City,0,2
Arsenal,Swansea,0,2
Fulham,Tottenham,0,3
Liverpool,Southampton,1,0
Man City,Everton,1,1
QPR,Aston Villa,1,1
Reading,Man United,3,4
West Brom,Stoke,0,1
West Ham,Chelsea,3,1
Norwich,Sunderland,2,1
Newcastle,Wigan,3,0
Arsenal,West Brom,2,0
Aston Villa,Stoke,0,0
Southampton,Reading,1,0
Sunderland,Chelsea,1,3
Swansea,Norwich,3,4
Wigan,QPR,2,2
Everton,Tottenham,2,1
Man City,Man United,2,3
West Ham,Liverpool,2,3
Fulham,Newcastle,2,1
Sunderland,Reading,3,0
Liverpool,Aston Villa,1,3
Man United,Sunderland,3,1
Newcastle,Man City,1,3
Norwich,Wigan,2,1
QPR,Fulham,2,1
Stoke,Everton,1,1
Tottenham,Swansea,1,0
West Brom,West Ham,0,0
Reading,Arsenal,2,5
Liverpool,Fulham,4,0
Man City,Reading,1,0
Newcastle,QPR,1,0
Southampton,Sunderland,0,1
Tottenham,Stoke,0,0
West Brom,Norwich,2,1
West Ham,Everton,1,2
Wigan,Arsenal,0,1
Chelsea,Aston Villa,8,0
Swansea,Man United,1,1
Aston Villa,Tottenham,0,4
Everton,Wigan,2,1
Fulham,Southampton,1,1
Man United,Newcastle,4,3
Norwich,Chelsea,0,1
QPR,West Brom,1,2
Reading,Swansea,0,0
Stoke,Liverpool,3,1
Sunderland,Man City,1,0
Arsenal,Newcastle,7,3
Aston Villa,Wigan,0,3
Fulham,Swansea,1,2
Man United,West Brom,2,0
Norwich,Man City,3,4
Reading,West Ham,1,0
Stoke,Southampton,3,3
Sunderland,Tottenham,1,2
Everton,Chelsea,1,2
QPR,Liverpool,0,3
Man City,Stoke,3,0
Southampton,Arsenal,1,1
Swansea,Aston Villa,2,2
Tottenham,Reading,3,1
West Brom,Fulham,1,2
West Ham,Norwich,2,1
Wigan,Man United,0,4
Chelsea,QPR,0,1
Liverpool,Sunderland,3,0
Newcastle,Everton,1,2
Aston Villa,Southampton,0,1
Everton,Swansea,0,0
Fulham,Wigan,1,1
Norwich,Newcastle,0,0
QPR,Tottenham,0,0
Reading,West Brom,3,2
Stoke,Chelsea,0,4
Sunderland,West Ham,3,0
Arsenal,Man City,0,2
Man United,Liverpool,2,1
Chelsea,Southampton,2,2
Liverpool,Norwich,5,0
Man City,Fulham,2,0
Newcastle,Reading,1,2
Swansea,Stoke,3,1
West Brom,Aston Villa,2,2
West Ham,QPR,1,1
Wigan,Sunderland,2,3
Chelsea,Arsenal,2,1
Tottenham,Man United,1,1
Southampton,Everton,0,0
Arsenal,West Ham,5,1
Aston Villa,Newcastle,1,2
QPR,Man City,0,0
Stoke,Wigan,2,2
Sunderland,Swansea,0,0
Arsenal,Liverpool,2,2
Everton,West Brom,2,1
Fulham,West Ham,3,1
Man United,Southampton,2,1
Norwich,Tottenham,1,1
Reading,Chelsea,2,2
Arsenal,Stoke,1,0
Everton,Aston Villa,3,3
Fulham,Man United,0,1
Newcastle,Chelsea,3,2
QPR,Norwich,0,0
Reading,Sunderland,2,1
West Ham,Swansea,1,0
Wigan,Southampton,2,2
Man City,Liverpool,2,2
West Brom,Tottenham,0,1
Chelsea,Wigan,4,1
Norwich,Fulham,0,0
Southampton,Man City,3,1
Stoke,Reading,2,1
Sunderland,Arsenal,0,1
Swansea,QPR,4,1
Tottenham,Newcastle,2,1
Aston Villa,West Ham,2,1
Man United,Everton,2,0
Liverpool,West Brom,0,2
Liverpool,Swansea,5,0
Arsenal,Aston Villa,2,1
Fulham,Stoke,1,0
Norwich,Everton,2,1
QPR,Man United,0,2
Reading,Wigan,0,3
West Brom,Sunderland,2,1
Man City,Chelsea,2,0
Newcastle,Southampton,4,2
West Ham,Tottenham,2,3
Chelsea,West Brom,1,0
Everton,Reading,3,1
Man United,Norwich,4,0
Southampton,QPR,1,2
Stoke,West Ham,0,1
Sunderland,Fulham,2,2
Swansea,Newcastle,1,0
Wigan,Liverpool,0,4
Tottenham,Arsenal,2,1
Aston Villa,Man City,0,1
Norwich,Southampton,0,0
QPR,Sunderland,3,1
Reading,Aston Villa,1,2
West Brom,Swansea,2,1
Liverpool,Tottenham,3,2
Newcastle,Stoke,2,1
Aston Villa,QPR,3,2
Everton,Man City,2,0
Man United,Reading,1,0
Southampton,Liverpool,3,1
Stoke,West Brom,0,0
Swansea,Arsenal,0,2
Chelsea,West Ham,2,0
Sunderland,Norwich,1,1
Tottenham,Fulham,0,1
Wigan,Newcastle,2,1
Arsenal,Reading,4,1
Everton,Stoke,1,0
Man City,Newcastle,4,0
Southampton,Chelsea,2,1
Sunderland,Man United,0,1
Swansea,Tottenham,1,2
West Ham,West Brom,3,1
Wigan,Norwich,1,0
Aston Villa,Liverpool,1,2
Fulham,QPR,3,2
Norwich,Swansea,2,2
Reading,Southampton,0,2
Stoke,Aston Villa,1,3
West Brom,Arsenal,1,2
Chelsea,Sunderland,2,1
Liverpool,West Ham,0,0
Newcastle,Fulham,1,0
QPR,Wigan,1,1
Tottenham,Everton,2,2
Man United,Man City,1,2
Arsenal,Norwich,3,1
Aston Villa,Fulham,1,1
Everton,QPR,2,0
Reading,Liverpool,0,0
Southampton,West Ham,1,1
Newcastle,Sunderland,0,3
Stoke,Man United,0,2
Arsenal,Everton,0,0
Fulham,Chelsea,0,3
Man City,Wigan,1,0
West Ham,Man United,2,2
Fulham,Arsenal,0,1
Norwich,Reading,2,1
QPR,Stoke,0,2
Sunderland,Everton,1,0
Swansea,Southampton,0,0
West Brom,Newcastle,1,1
West Ham,Wigan,2,0
Liverpool,Chelsea,2,2
Tottenham,Man City,3,1
Man United,Aston Villa,3,0
Everton,Fulham,1,0
Man City,West Ham,2,1
Newcastle,Liverpool,0,6
Southampton,West Brom,0,3
Stoke,Norwich,1,0
Wigan,Tottenham,2,2
Arsenal,Man United,1,1
Chelsea,Swansea,2,0
Reading,QPR,0,0
Aston Villa,Sunderland,6,1
Fulham,Reading,2,4
Norwich,Aston Villa,1,2
QPR,Arsenal,0,1
Swansea,Man City,0,0
Tottenham,Southampton,1,0
West Brom,Wigan,2,3
West Ham,Newcastle,0,0
Liverpool,Everton,0,0
Man United,Chelsea,0,1
Sunderland,Stoke,1,1
Man City,West Brom,1,0
Wigan,Swansea,2,3
Chelsea,Tottenham,2,2
Aston Villa,Chelsea,1,2
Everton,West Ham,2,0
Fulham,Liverpool,1,3
Man United,Swansea,2,1
Norwich,West Brom,4,0
QPR,Newcastle,1,2
Stoke,Tottenham,1,2
Sunderland,Southampton,1,1
Arsenal,Wigan,4,1
Reading,Man City,0,2
Chelsea,Everton,2,1
Liverpool,QPR,1,0
Man City,Norwich,2,3
Newcastle,Arsenal,0,1
Southampton,Stoke,1,1
Swansea,Fulham,0,3
Tottenham,Sunderland,1,0
West Brom,Man United,5,5
West Ham,Reading,4,2
Wigan,Aston Villa,2,2
Arsenal,Aston Villa,1,3
Liverpool,Stoke,1,0
Norwich,Everton,2,2
Sunderland,Fulham,0,1
Swansea,Man United,1,4
West Brom,Southampton,0,1
West Ham,Cardiff,2,0
Chelsea,Hull,2,0
Crystal Palace,Tottenham,0,1
Man City,Newcastle,4,0
Chelsea,Aston Villa,2,1
Aston Villa,Liverpool,0,1
Everton,West Brom,0,0
Fulham,Arsenal,1,3
Hull,Norwich,1,0
Newcastle,West Ham,0,0
Southampton,Sunderland,1,1
Stoke,Crystal Palace,2,1
Cardiff,Man City,3,2
Tottenham,Swansea,1,0
Man United,Chelsea,0,0
Cardiff,Everton,0,0
Crystal Palace,Sunderland,3,1
Man City,Hull,2,0
Newcastle,Fulham,1,0
Norwich,Southampton,1,0
West Ham,Stoke,0,1
Arsenal,Tottenham,1,0
Liverpool,Man United,1,0
West Brom,Swansea,0,2
Aston Villa,Newcastle,1,2
Everton,Chelsea,1,0
Fulham,West Brom,1,1
Hull,Cardiff,1,1
Man United,Crystal Palace,2,0
Stoke,Man City,0,0
Sunderland,Arsenal,1,3
Tottenham,Norwich,2,0
Southampton,West Ham,0,0
Swansea,Liverpool,2,2
Chelsea,Fulham,2,0
Liverpool,Southampton,0,1
Newcastle,Hull,2,3
Norwich,Aston Villa,0,1
West Brom,Sunderland,3,0
West Ham,Everton,2,3
Arsenal,Stoke,3,1
Cardiff,Tottenham,0,1
Crystal Palace,Swansea,0,2
Man City,Man United,4,1
Aston Villa,Man City,3,2
Fulham,Cardiff,1,2
Hull,West Ham,1,0
Man United,West Brom,1,2
Southampton,Crystal Palace,2,0
Swansea,Arsenal,1,2
Tottenham,Chelsea,1,1
Stoke,Norwich,0,1
Sunderland,Liverpool,1,3
Everton,Newcastle,3,2
Cardiff,Newcastle,1,2
Fulham,Stoke,1,0
Hull,Aston Villa,0,0
Liverpool,Crystal Palace,3,1
Man City,Everton,3,1
Sunderland,Man United,1,2
Norwich,Chelsea,1,3
Southampton,Swansea,2,0
Tottenham,West Ham,0,3
West Brom,Arsenal,1,1
Arsenal,Norwich,4,1
Chelsea,Cardiff,4,1
Everton,Hull,2,1
Man United,Southampton,1,1
Newcastle,Liverpool,2,2
Stoke,West Brom,0,0
Swansea,Sunderland,4,0
West Ham,Man City,1,3
Aston Villa,Tottenham,0,2
Crystal Palace,Fulham,1,4
Aston Villa,Everton,0,2
Crystal Palace,Arsenal,0,2
Liverpool,West Brom,4,1
Man United,Stoke,3,2
Norwich,Cardiff,0,0
Southampton,Fulham,2,0
Chelsea,Man City,2,1
Sunderland,Newcastle,2,1
Swansea,West Ham,0,0
Tottenham,Hull,1,0
Arsenal,Liverpool,2,0
Fulham,Man United,1,3
Hull,Sunderland,1,0
Man City,Norwich,7,0
Newcastle,Chelsea,2,0
Stoke,Southampton,1,1
West Brom,Crystal Palace,2,0
West Ham,Aston Villa,0,0
Cardiff,Swansea,1,0
Everton,Tottenham,0,0
Aston Villa,Cardiff,2,0
Chelsea,West Brom,2,2
Crystal Palace,Everton,0,0
Liverpool,Fulham,4,0
Norwich,West Ham,3,1
Southampton,Hull,4,1
Man United,Arsenal,1,0
Sunderland,Man City,1,0
Swansea,Stoke,3,3
Tottenham,Newcastle,0,1
Arsenal,Southampton,2,0
Everton,Liverpool,3,3
Fulham,Swansea,1,2
Hull,Crystal Palace,0,1
Newcastle,Norwich,2,1
Stoke,Sunderland,2,0
West Ham,Chelsea,0,3
Cardiff,Man United,2,2
Man City,Tottenham,6,0
West Brom,Aston Villa,2,2
Aston Villa,Sunderland,0,0
Cardiff,Arsenal,0,3
Everton,Stoke,4,0
Newcastle,West Brom,2,1
Norwich,Crystal Palace,1,0
West Ham,Fulham,3,0
Chelsea,Southampton,3,1
Hull,Liverpool,3,1
Man City,Swansea,3,0
Tottenham,Man United,2,2
Crystal Palace,West Ham,1,0
Arsenal,Hull,2,0
Fulham,Tottenham,1,2
Liverpool,Norwich,5,1
Man United,Everton,0,1
Southampton,Aston Villa,2,3
Stoke,Cardiff,0,0
Sunderland,Chelsea,3,4
Swansea,Newcastle,3,0
West Brom,Man City,2,3
Crystal Palace,Cardiff,2,0
Liverpool,West Ham,4,1
Man United,Newcastle,0,1
Southampton,Man City,1,1
Stoke,Chelsea,3,2
Sunderland,Tottenham,1,2
West Brom,Norwich,0,2
Arsenal,Everton,1,1
Fulham,Aston Villa,2,0
Swansea,Hull,1,1
Cardiff,West Brom,1,0
Chelsea,Crystal Palace,2,1
Everton,Fulham,4,1
Hull,Stoke,0,0
Man City,Arsenal,6,3
Newcastle,Southampton,1,1
West Ham,Sunderland,0,0
Aston Villa,Man United,0,3
Norwich,Swansea,1,1
Tottenham,Liverpool,0,5
Crystal Palace,Newcastle,0,3
Fulham,Man City,2,4
Liverpool,Cardiff,3,1
Man United,West Ham,3,1
Stoke,Aston Villa,2,1
Sunderland,Norwich,0,0
West Brom,Hull,1,1
Southampton,Tottenham,2,3
Swansea,Everton,1,2
Arsenal,Chelsea,0,0
Aston Villa,Crystal Palace,0,1
Cardiff,Southampton,0,3
Chelsea,Swansea,1,0
Everton,Sunderland,0,1
Hull,Man United,2,3
Man City,Liverpool,2,1
Newcastle,Stoke,5,1
Norwich,Fulham,1,2
Tottenham,West Brom,1,1
West Ham,Arsenal,1,3
Aston Villa,Swansea,1,1
Cardiff,Sunderland,2,2
Hull,Fulham,6,0
Man City,Crystal Palace,1,0
Norwich,Man United,0,1
West Ham,West Brom,3,3
Chelsea,Liverpool,2,1
Everton,Southampton,2,1
Newcastle,Arsenal,0,1
Tottenham,Stoke,3,0
Arsenal,Cardiff,2,0
Crystal Palace,Norwich,1,1
Fulham,West Ham,2,1
Liverpool,Hull,2,0
Man United,Tottenham,1,2
Southampton,Chelsea,0,3
Stoke,Everton,1,1
Sunderland,Aston Villa,0,1
Swansea,Man City,2,3
West Brom,Newcastle,1,0
Cardiff,West Ham,0,2
Everton,Norwich,2,0
Fulham,Sunderland,1,4
Hull,Chelsea,0,2
Man United,Swansea,2,0
Southampton,West Brom,1,0
Tottenham,Crystal Palace,2,0
Newcastle,Man City,0,2
Stoke,Liverpool,3,5
Aston Villa,Arsenal,1,2
Arsenal,Fulham,2,0
Crystal Palace,Stoke,1,0
Liverpool,Aston Villa,2,2
Man City,Cardiff,4,2
Norwich,Hull,1,0
Sunderland,Southampton,2,2
West Ham,Newcastle,1,3
Chelsea,Man United,3,1
Swansea,Tottenham,1,3
West Brom,Everton,1,1
Crystal Palace,Hull,1,0
Liverpool,Everton,4,0
Man United,Cardiff,2,0
Norwich,Newcastle,0,0
Southampton,Arsenal,2,2
Swansea,Fulham,2,0
Aston Villa,West Brom,4,3
Chelsea,West Ham,0,0
Sunderland,Stoke,1,0
Tottenham,Man City,1,5
Cardiff,Norwich,2,1
Everton,Aston Villa,2,1
Fulham,Southampton,0,3
Hull,Tottenham,1,1
Newcastle,Sunderland,0,3
Stoke,Man United,2,1
West Ham,Swansea,2,0
Arsenal,Crystal Palace,2,0
West Brom,Liverpool,1,1
Man City,Chelsea,0,1
Aston Villa,West Ham,0,2
Chelsea,Newcastle,3,0
Crystal Palace,West Brom,3,1
Liverpool,Arsenal,5,1
Norwich,Man City,0,0
Southampton,Stoke,2,2
Sunderland,Hull,0,2
Swansea,Cardiff,3,0
Man United,Fulham,2,2
Tottenham,Everton,1,0
Cardiff,Aston Villa,0,0
Hull,Southampton,0,1
West Brom,Chelsea,1,1
West Ham,Norwich,2,0
Arsenal,Man United,0,0
Fulham,Liverpool,2,3
Newcastle,Tottenham,0,4
Stoke,Swansea,1,1
Arsenal,Sunderland,4,1
Cardiff,Hull,0,4
Chelsea,Everton,1,0
Crystal Palace,Man United,0,2
Man City,Stoke,1,0
West Brom,Fulham,1,1
West Ham,Southampton,3,1
Liverpool,Swansea,4,3
Newcastle,Aston Villa,1,0
Norwich,Tottenham,1,0
Everton,West Ham,1,0
Fulham,Chelsea,1,3
Hull,Newcastle,1,4
Southampton,Liverpool,0,3
Stoke,Arsenal,1,0
Aston Villa,Norwich,4,1
Swansea,Crystal Palace,1,1
Tottenham,Cardiff,1,0
Cardiff,Fulham,3,1
Chelsea,Tottenham,4,0
Crystal Palace,Southampton,0,1
Norwich,Stoke,1,1
West Brom,Man United,0,3
Aston Villa,Chelsea,1,0
Everton,Cardiff,2,1
Fulham,Newcastle,1,0
Hull,Man City,0,2
Southampton,Norwich,4,2
Stoke,West Ham,3,1
Sunderland,Crystal Palace,0,0
Swansea,West Brom,1,2
Man United,Liverpool,0,3
Tottenham,Arsenal,0,1
Cardiff,Liverpool,3,6
Chelsea,Arsenal,6,0
Everton,Swansea,3,2
Hull,West Brom,2,0
Man City,Fulham,5,0
Newcastle,Crystal Palace,1,0
Norwich,Sunderland,2,0
West Ham,Man United,0,2
Aston Villa,Stoke,1,4
Tottenham,Southampton,3,2
Arsenal,Swansea,2,2
Man United,Man City,0,3
Newcastle,Everton,0,3
Liverpool,Sunderland,2,1
West Ham,Hull,2,1
Arsenal,Man City,1,1
Crystal Palace,Chelsea,1,0
Man United,Aston Villa,4,1
Southampton,Newcastle,4,0
Stoke,Hull,1,0
Swansea,Norwich,3,0
West Brom,Cardiff,3,3
Fulham,Everton,1,3
Liverpool,Tottenham,4,0
Sunderland,West Ham,1,2
Aston Villa,Fulham,1,2
Cardiff,Crystal Palace,0,3
Chelsea,Stoke,3,0
Hull,Swansea,1,0
Man City,Southampton,4,1
Newcastle,Man United,0,4
Norwich,West Brom,0,1
Everton,Arsenal,3,0
West Ham,Liverpool,1,2
Tottenham,Sunderland,5,1
Crystal Palace,Aston Villa,1,0
Fulham,Norwich,1,0
Southampton,Cardiff,0,1
Stoke,Newcastle,1,0
Sunderland,Everton,0,1
West Brom,Tottenham,3,3
Liverpool,Man City,3,2
Swansea,Chelsea,0,1
Arsenal,West Ham,3,1
Everton,Crystal Palace,2,3
Man City,Sunderland,2,2
Aston Villa,Southampton,0,0
Cardiff,Stoke,1,1
Chelsea,Sunderland,1,2
Newcastle,Swansea,1,2
Tottenham,Fulham,3,1
West Ham,Crystal Palace,0,1
Everton,Man United,2,0
Hull,Arsenal,0,3
Norwich,Liverpool,2,3
Man City,West Brom,3,1
Fulham,Hull,2,2
Man United,Norwich,4,0
Southampton,Everton,2,0
Stoke,Tottenham,0,1
Swansea,Aston Villa,4,1
West Brom,West Ham,1,0
Crystal Palace,Man City,0,2
Liverpool,Chelsea,0,2
Sunderland,Cardiff,4,0
Arsenal,Newcastle,3,0
Aston Villa,Hull,3,1
Everton,Man City,2,3
Man United,Sunderland,0,1
Newcastle,Cardiff,3,0
Stoke,Fulham,4,1
Swansea,Southampton,0,1
West Ham,Tottenham,2,0
Arsenal,West Brom,1,0
Chelsea,Norwich,0,0
Crystal Palace,Liverpool,3,3
Man United,Hull,3,1
Man City,Aston Villa,4,0
Sunderland,West Brom,2,0
Cardiff,Chelsea,1,2
Fulham,Crystal Palace,2,2
Hull,Everton,0,2
Liverpool,Newcastle,2,1
Man City,West Ham,2,0
Norwich,Arsenal,0,2
Southampton,Man United,1,1
Sunderland,Swansea,1,3
Tottenham,Aston Villa,3,0
West Brom,Stoke,1,2
Arsenal,Crystal Palace,2,1
Leicester,Everton,2,2
Man United,Swansea,1,2
QPR,Hull,0,1
Stoke,Aston Villa,0,1
West Brom,Sunderland,2,2
West Ham,Tottenham,0,1
Liverpool,Southampton,2,1
Newcastle,Man City,0,2
Burnley,Chelsea,1,3
Aston Villa,Newcastle,0,0
Chelsea,Leicester,2,0
Crystal Palace,West Ham,1,3
Everton,Arsenal,2,2
Southampton,West Brom,0,0
Swansea,Burnley,1,0
Hull,Stoke,1,1
Sunderland,Man United,1,1
Tottenham,QPR,4,0
Man City,Liverpool,3,1
Burnley,Man United,0,0
Everton,Chelsea,3,6
Man City,Stoke,0,1
Newcastle,Crystal Palace,3,3
QPR,Sunderland,1,0
Swansea,West Brom,3,0
West Ham,Southampton,1,3
Aston Villa,Hull,2,1
Leicester,Arsenal,1,1
Tottenham,Liverpool,0,3
Arsenal,Man City,2,2
Chelsea,Swansea,4,2
Crystal Palace,Burnley,0,0
Liverpool,Aston Villa,0,1
Southampton,Newcastle,4,0
Stoke,Leicester,0,1
Sunderland,Tottenham,2,2
West Brom,Everton,0,2
Man United,QPR,4,0
Hull,West Ham,2,2
Aston Villa,Arsenal,0,3
Burnley,Sunderland,0,0
Newcastle,Hull,2,2
QPR,Stoke,2,2
Swansea,Southampton,0,1
West Ham,Liverpool,3,1
Everton,Crystal Palace,2,3
Leicester,Man United,5,3
Man City,Chelsea,1,1
Tottenham,West Brom,0,1
Arsenal,Tottenham,1,1
Chelsea,Aston Villa,3,0
Crystal Palace,Leicester,2,0
Hull,Man City,2,4
Liverpool,Everton,1,1
Man United,West Ham,2,1
Southampton,QPR,2,1
Sunderland,Swansea,0,0
West Brom,Burnley,4,0
Stoke,Newcastle,1,0
Aston Villa,Man City,0,2
Hull,Crystal Palace,2,0
Leicester,Burnley,2,2
Liverpool,West Brom,2,1
Sunderland,Stoke,3,1
Swansea,Newcastle,2,2
Chelsea,Arsenal,2,0
Man United,Everton,2,1
Tottenham,Southampton,1,0
West Ham,QPR,2,0
Arsenal,Hull,2,2
Burnley,West Ham,1,3
Crystal Palace,Chelsea,1,2
Everton,Aston Villa,3,0
Man City,Tottenham,4,1
Newcastle,Leicester,1,0
Southampton,Sunderland,8,0
QPR,Liverpool,2,3
Stoke,Swansea,2,1
West Brom,Man United,2,2
Liverpool,Hull,0,0
Southampton,Stoke,1,0
Sunderland,Arsenal,0,2
Swansea,Leicester,2,0
West Brom,Crystal Palace,2,2
West Ham,Man City,2,1
Burnley,Everton,1,3
Man United,Chelsea,1,1
Tottenham,Newcastle,1,2
QPR,Aston Villa,2,0
Arsenal,Burnley,3,0
Chelsea,QPR,2,1
Everton,Swansea,0,0
Hull,Southampton,0,1
Leicester,West Brom,0,1
Newcastle,Liverpool,1,0
Stoke,West Ham,2,2
Aston Villa,Tottenham,1,2
Man City,Man United,1,0
Crystal Palace,Sunderland,1,3
Burnley,Hull,1,0
Liverpool,Chelsea,1,2
Man United,Crystal Palace,1,0
QPR,Man City,2,2
Southampton,Leicester,2,0
West Ham,Aston Villa,0,0
Sunderland,Everton,1,1
Swansea,Arsenal,2,1
Tottenham,Stoke,1,2
West Brom,Newcastle,0,2
Arsenal,Man United,1,2
Chelsea,West Brom,2,0
Everton,West Ham,2,1
Leicester,Sunderland,0,0
Man City,Swansea,2,1
Newcastle,QPR,1,0
Stoke,Burnley,1,2
Crystal Palace,Liverpool,3,1
Hull,Tottenham,1,2
Aston Villa,Southampton,1,1
Burnley,Aston Villa,1,1
Liverpool,Stoke,1,0
Man United,Hull,3,0
QPR,Leicester,3,2
Sunderland,Chelsea,0,0
Swansea,Crystal Palace,1,1
West Brom,Arsenal,0,1
West Ham,Newcastle,1,0
Southampton,Man City,0,3
Tottenham,Everton,2,1
Burnley,Newcastle,1,1
Crystal Palace,Aston Villa,0,1
Leicester,Liverpool,1,3
Man United,Stoke,2,1
Swansea,QPR,2,0
West Brom,West Ham,1,2
Arsenal,Southampton,1,0
Chelsea,Tottenham,3,0
Everton,Hull,1,1
Sunderland,Man City,1,4
Hull,West Brom,0,0
Liverpool,Sunderland,0,0
Man City,Everton,1,0
Newcastle,Chelsea,2,1
QPR,Burnley,2,0
Stoke,Arsenal,3,2
Tottenham,Crystal Palace,0,0
Aston Villa,Leicester,2,1
West Ham,Swansea,3,1
Southampton,Man United,1,2
Arsenal,Newcastle,4,1
Burnley,Southampton,1,0
Chelsea,Hull,2,0
Crystal Palace,Stoke,1,1
Leicester,Man City,0,1
Sunderland,West Ham,1,1
West Brom,Aston Villa,1,0
Man United,Liverpool,3,0
Swansea,Tottenham,1,2
Everton,QPR,3,1
Aston Villa,Man United,1,1
Hull,Swansea,0,1
Man City,Crystal Palace,3,0
QPR,West Brom,3,2
Southampton,Everton,3,0
Tottenham,Burnley,2,1
West Ham,Leicester,2,0
Liverpool,Arsenal,2,2
Newcastle,Sunderland,0,1
Stoke,Chelsea,0,2
Arsenal,QPR,2,1
Burnley,Liverpool,0,1
Chelsea,West Ham,2,0
Crystal Palace,Southampton,1,3
Everton,Stoke,0,1
Leicester,Tottenham,1,2
Man United,Newcastle,3,1
Sunderland,Hull,1,3
Swansea,Aston Villa,1,0
West Brom,Man City,1,3
Aston Villa,Sunderland,0,0
Hull,Leicester,0,1
Man City,Burnley,2,2
Newcastle,Everton,3,2
QPR,Crystal Palace,0,0
Southampton,Chelsea,1,1
Stoke,West Brom,2,0
Tottenham,Man United,0,0
West Ham,Arsenal,1,2
Liverpool,Swansea,4,1
Aston Villa,Crystal Palace,0,0
Hull,Everton,2,0
Liverpool,Leicester,2,2
Man City,Sunderland,3,2
Newcastle,Burnley,3,3
QPR,Swansea,1,1
Southampton,Arsenal,2,0
Stoke,Man United,1,1
Tottenham,Chelsea,5,3
West Ham,West Brom,1,1
Burnley,QPR,2,1
Chelsea,Newcastle,2,0
Crystal Palace,Tottenham,2,1
Everton,Man City,1,1
Leicester,Aston Villa,1,0
Sunderland,Liverpool,0,1
Swansea,West Ham,1,1
West Brom,Hull,1,0
Arsenal,Stoke,3,0
Man United,Southampton,0,1
Aston Villa,Liverpool,0,2
Burnley,Crystal Palace,2,3
Leicester,Stoke,0,1
Newcastle,Southampton,1,2
QPR,Man United,0,2
Swansea,Chelsea,0,5
Tottenham,Sunderland,2,1
Man City,Arsenal,0,2
West Ham,Hull,3,0
Everton,West Brom,0,0
Chelsea,Man City,1,1
Crystal Palace,Everton,0,1
Hull,Newcastle,0,3
Liverpool,West Ham,2,0
Man United,Leicester,3,1
Stoke,QPR,3,1
Sunderland,Burnley,2,0
West Brom,Tottenham,0,3
Arsenal,Aston Villa,5,0
Southampton,Swansea,0,1
Aston Villa,Chelsea,1,2
Everton,Liverpool,0,0
Leicester,Crystal Palace,0,1
Man City,Hull,1,1
QPR,Southampton,0,1
Swansea,Sunderland,1,1
Tottenham,Arsenal,2,1
Burnley,West Brom,2,2
Newcastle,Stoke,1,1
West Ham,Man United,1,1
Arsenal,Leicester,2,1
Hull,Aston Villa,2,0
Liverpool,Tottenham,3,2
Sunderland,QPR,0,2
Chelsea,Everton,1,0
Crystal Palace,Newcastle,1,1
Man United,Burnley,3,1
Southampton,West Ham,0,0
Stoke,Man City,1,4
West Brom,Swansea,2,0
Aston Villa,Stoke,1,2
Chelsea,Burnley,1,1
Crystal Palace,Arsenal,1,2
Hull,QPR,2,1
Man City,Newcastle,5,0
Sunderland,West Brom,0,0
Swansea,Man United,2,1
Everton,Leicester,2,2
Southampton,Liverpool,0,2
Tottenham,West Ham,2,2
Burnley,Swansea,0,1
Man United,Sunderland,2,0
Newcastle,Aston Villa,1,0
Stoke,Hull,1,0
West Brom,Southampton,1,0
West Ham,Crystal Palace,1,3
Arsenal,Everton,2,0
Liverpool,Man City,2,1
Aston Villa,West Brom,2,1
Hull,Sunderland,1,1
Southampton,Crystal Palace,1,0
Liverpool,Burnley,2,0
Man City,Leicester,2,0
Newcastle,Man United,0,1
QPR,Arsenal,1,2
Stoke,Everton,2,0
Tottenham,Swansea,3,2
West Ham,Chelsea,0,1
QPR,Tottenham,1,2
Arsenal,West Ham,3,0
Burnley,Man City,1,0
Crystal Palace,QPR,3,1
Leicester,Hull,0,0
Sunderland,Aston Villa,0,4
West Brom,Stoke,1,0
Chelsea,Southampton,1,1
Everton,Newcastle,3,0
Man United,Tottenham,3,0
Swansea,Liverpool,0,1
Aston Villa,Swansea,0,1
Man City,West Brom,3,0
Newcastle,Arsenal,1,2
Southampton,Burnley,2,0
Stoke,Crystal Palace,1,2
Tottenham,Leicester,4,3
West Ham,Sunderland,1,0
Hull,Chelsea,2,3
Liverpool,Man United,1,2
QPR,Everton,1,2
Arsenal,Liverpool,4,1
Chelsea,Stoke,2,1
Everton,Southampton,1,0
Leicester,West Ham,2,1
Man United,Aston Villa,3,1
Swansea,Hull,3,1
West Brom,QPR,1,4
Burnley,Tottenham,0,0
Sunderland,Newcastle,1,0
Crystal Palace,Man City,2,1
Aston Villa,QPR,3,3
Burnley,Arsenal,0,1
Southampton,Hull,2,0
Sunderland,Crystal Palace,1,4
Swansea,Everton,1,1
Tottenham,Aston Villa,0,1
West Brom,Leicester,2,3
West Ham,Stoke,1,1
Man United,Man City,4,2
QPR,Chelsea,0,1
Liverpool,Newcastle,2,0
Chelsea,Man United,1,0
Crystal Palace,West Brom,0,2
Everton,Burnley,1,0
Leicester,Swansea,2,0
Stoke,Southampton,2,1
Man City,West Ham,2,0
Newcastle,Tottenham,1,3
Burnley,Leicester,0,1
Crystal Palace,Hull,0,2
Man City,Aston Villa,3,2
Newcastle,Swansea,2,3
QPR,West Ham,0,0
Southampton,Tottenham,2,2
Stoke,Sunderland,1,1
West Brom,Liverpool,0,0
Arsenal,Chelsea,0,0
Everton,Man United,3,0
Hull,Liverpool,1,0
Leicester,Chelsea,1,3
Aston Villa,Everton,3,2
Leicester,Newcastle,3,0
Liverpool,QPR,2,1
Man United,West Brom,0,1
Sunderland,Southampton,2,1
Swansea,Stoke,2,0
West Ham,Burnley,1,0
Chelsea,Crystal Palace,1,0
Tottenham,Man City,0,1
Hull,Arsenal,1,3
Aston Villa,West Ham,1,0
Crystal Palace,Man United,1,2
Everton,Sunderland,0,2
Hull,Burnley,0,1
Leicester,Southampton,2,0
Newcastle,West Brom,1,1
Stoke,Tottenham,3,0
Chelsea,Liverpool,1,1
Man City,QPR,6,0
Arsenal,Swansea,0,1
Burnley,Stoke,0,0
Liverpool,Crystal Palace,1,3
QPR,Newcastle,2,1
Southampton,Aston Villa,6,1
Sunderland,Leicester,0,0
Tottenham,Hull,2,0
West Ham,Everton,1,2
Man United,Arsenal,1,1
Swansea,Man City,2,4
West Brom,Chelsea,3,0
Arsenal,Sunderland,0,0
Arsenal,West Brom,4,1
Aston Villa,Burnley,0,1
Chelsea,Sunderland,3,1
Crystal Palace,Swansea,1,0
Everton,Tottenham,0,1
Hull,Man United,0,0
Leicester,QPR,5,1
Man City,Southampton,2,0
Newcastle,West Ham,2,0
Stoke,Liverpool,6,1
Bournemouth,Aston Villa,0,1
Chelsea,Swansea,2,2
Everton,Watford,2,2
Leicester,Sunderland,4,2
Man United,Tottenham,1,0
Norwich,Crystal Palace,1,3
Arsenal,West Ham,0,2
Newcastle,Southampton,2,2
Stoke,Liverpool,0,1
West Brom,Man City,0,3
Aston Villa,Man United,0,1
Southampton,Everton,0,3
Sunderland,Norwich,1,3
Swansea,Newcastle,2,0
Tottenham,Stoke,2,2
Watford,West Brom,0,0
West Ham,Leicester,1,2
Crystal Palace,Arsenal,1,2
Man City,Chelsea,3,0
Liverpool,Bournemouth,1,0
Crystal Palace,Aston Villa,2,1
Leicester,Tottenham,1,1
Man United,Newcastle,0,0
Norwich,Stoke,1,1
Sunderland,Swansea,1,1
West Ham,Bournemouth,3,4
Everton,Man City,0,2
Watford,Southampton,0,0
West Brom,Chelsea,2,3
Arsenal,Liverpool,0,0
Aston Villa,Sunderland,2,2
Bournemouth,Leicester,1,1
Chelsea,Crystal Palace,1,2
Liverpool,West Ham,0,3
Man City,Watford,2,0
Newcastle,Arsenal,0,1
Stoke,West Brom,0,1
Tottenham,Everton,0,0
Southampton,Norwich,3,0
Swansea,Man United,2,1
Arsenal,Stoke,2,0
Crystal Palace,Man City,0,1
Everton,Chelsea,3,1
Man United,Liverpool,3,1
Norwich,Bournemouth,3,1
Watford,Swansea,1,0
West Brom,Southampton,0,0
Leicester,Aston Villa,3,2
Sunderland,Tottenham,0,1
West Ham,Newcastle,2,0
Aston Villa,West Brom,0,1
Bournemouth,Sunderland,2,0
Chelsea,Arsenal,2,0
Man City,West Ham,1,2
Newcastle,Watford,1,2
Stoke,Leicester,2,2
Swansea,Everton,0,0
Liverpool,Norwich,1,1
Southampton,Man United,2,3
Tottenham,Crystal Palace,1,0
Leicester,Arsenal,2,5
Liverpool,Aston Villa,3,2
Man United,Sunderland,3,0
Newcastle,Chelsea,2,2
Southampton,Swansea,3,1
Stoke,Bournemouth,2,1
Tottenham,Man City,4,1
West Ham,Norwich,2,2
Watford,Crystal Palace,0,1
West Brom,Everton,2,3
Aston Villa,Stoke,0,1
Bournemouth,Watford,1,1
Chelsea,Southampton,1,3
Crystal Palace,West Brom,2,0
Man City,Newcastle,6,1
Norwich,Leicester,1,2
Sunderland,West Ham,2,2
Arsenal,Man United,3,0
Everton,Liverpool,1,1
Swansea,Tottenham,2,2
Chelsea,Aston Villa,2,0
Crystal Palace,West Ham,1,3
Everton,Man United,0,3
Man City,Bournemouth,5,1
Southampton,Leicester,2,2
Tottenham,Liverpool,0,0
Watford,Arsenal,0,3
West Brom,Sunderland,1,0
Newcastle,Norwich,6,2
Swansea,Stoke,0,1
Arsenal,Everton,2,1
Aston Villa,Swansea,1,2
Leicester,Crystal Palace,1,0
Norwich,West Brom,0,1
Stoke,Watford,0,2
West Ham,Chelsea,2,1
Bournemouth,Tottenham,1,5
Liverpool,Southampton,1,1
Man United,Man City,0,0
Sunderland,Newcastle,3,0
Chelsea,Liverpool,1,3
Crystal Palace,Man United,0,0
Man City,Norwich,2,1
Newcastle,Stoke,0,0
Swansea,Arsenal,0,3
Watford,West Ham,2,0
West Brom,Leicester,2,3
Everton,Sunderland,6,2
Southampton,Bournemouth,2,0
Tottenham,Aston Villa,3,1
Bournemouth,Newcastle,0,1
Leicester,Watford,2,1
Man United,West Brom,2,0
Norwich,Swansea,1,0
Stoke,Chelsea,1,0
Sunderland,Southampton,0,1
West Ham,Everton,1,1
Arsenal,Tottenham,1,1
Aston Villa,Man City,0,0
Liverpool,Crystal Palace,1,2
Chelsea,Norwich,1,0
Everton,Aston Villa,4,0
Man City,Liverpool,1,4
Newcastle,Leicester,0,3
Southampton,Stoke,0,1
Swansea,Bournemouth,2,2
Watford,Man United,1,2
West Brom,Arsenal,2,1
Tottenham,West Ham,4,1
Crystal Palace,Sunderland,0,1
Aston Villa,Watford,2,3
Bournemouth,Everton,3,3
Crystal Palace,Newcastle,5,1
Leicester,Man United,1,1
Man City,Southampton,3,1
Sunderland,Stoke,2,0
Liverpool,Swansea,1,0
Norwich,Arsenal,1,1
Tottenham,Chelsea,0,0
West Ham,West Brom,1,1
Arsenal,Sunderland,3,1
Chelsea,Bournemouth,0,1
Man United,West Ham,0,0
Southampton,Aston Villa,1,1
Stoke,Man City,2,0
Swansea,Leicester,0,3
Watford,Norwich,2,0
West Brom,Tottenham,1,1
Newcastle,Liverpool,2,0
Everton,Crystal Palace,1,1
Bournemouth,Man United,2,1
Crystal Palace,Southampton,1,0
Man City,Swansea,2,1
Norwich,Everton,1,1
Sunderland,Watford,0,1
West Ham,Stoke,0,0
Aston Villa,Arsenal,0,2
Liverpool,West Brom,2,2
Tottenham,Newcastle,1,2
Leicester,Chelsea,2,1
Chelsea,Sunderland,3,1
Everton,Leicester,2,3
Man United,Norwich,1,2
Newcastle,Aston Villa,1,1
Southampton,Tottenham,0,2
Stoke,Crystal Palace,1,2
West Brom,Bournemouth,1,2
Swansea,West Ham,0,0
Watford,Liverpool,3,0
Arsenal,Man City,2,1
Aston Villa,West Ham,1,1
Bournemouth,Crystal Palace,0,0
Chelsea,Watford,2,2
Liverpool,Leicester,1,0
Man City,Sunderland,4,1
Newcastle,Everton,0,1
Southampton,Arsenal,4,0
Stoke,Man United,2,0
Swansea,West Brom,1,0
Tottenham,Norwich,3,0
Arsenal,Bournemouth,2,0
Crystal Palace,Swansea,0,0
Everton,Stoke,3,4
Man United,Chelsea,0,0
Norwich,Aston Villa,2,0
Watford,Tottenham,1,2
West Brom,Newcastle,1,0
West Ham,Southampton,2,1
Leicester,Man City,0,0
Sunderland,Liverpool,0,1
Arsenal,Newcastle,1,0
Leicester,Bournemouth,0,0
Man United,Swansea,2,1
Norwich,Southampton,1,0
Sunderland,Aston Villa,3,1
Watford,Man City,1,2
West Brom,Stoke,2,1
West Ham,Liverpool,2,0
Crystal Palace,Chelsea,0,3
Everton,Tottenham,1,1
Aston Villa,Crystal Palace,1,0
Bournemouth,West Ham,1,3
Newcastle,Man United,3,3
Chelsea,West Brom,2,2
Liverpool,Arsenal,3,3
Man City,Everton,0,0
Southampton,Watford,2,0
Stoke,Norwich,3,1
Swansea,Sunderland,2,4
Tottenham,Leicester,0,1
Aston Villa,Leicester,1,1
Bournemouth,Norwich,3,0
Chelsea,Everton,3,3
Man City,Crystal Palace,4,0
Newcastle,West Ham,2,1
Southampton,West Brom,3,0
Tottenham,Sunderland,4,1
Liverpool,Man United,0,1
Stoke,Arsenal,0,0
Swansea,Watford,1,0
Crystal Palace,Tottenham,1,3
Leicester,Stoke,3,0
Man United,Southampton,0,1
Norwich,Liverpool,4,5
Sunderland,Bournemouth,1,1
Watford,Newcastle,2,1
West Brom,Aston Villa,0,0
West Ham,Man City,2,2
Arsenal,Chelsea,0,1
Everton,Swansea,1,2
Arsenal,Southampton,0,0
Crystal Palace,Bournemouth,1,2
Leicester,Liverpool,2,0
Man United,Stoke,3,0
Norwich,Tottenham,0,3
Sunderland,Man City,0,1
West Brom,Swansea,1,1
West Ham,Aston Villa,2,0
Everton,Newcastle,3,0
Watford,Chelsea,0,0
Aston Villa,Norwich,2,0
Liverpool,Sunderland,2,2
Man City,Leicester,1,3
Newcastle,West Brom,1,0
Southampton,West Ham,1,0
Stoke,Everton,0,3
Swansea,Crystal Palace,1,1
Tottenham,Watford,1,0
Bournemouth,Arsenal,0,2
Chelsea,Man United,1,1
Bournemouth,Stoke,1,3
Chelsea,Newcastle,5,1
Crystal Palace,Watford,1,2
Everton,West Brom,0,1
Norwich,West Ham,2,2
Sunderland,Man United,2,1
Swansea,Southampton,0,1
Arsenal,Leicester,2,1
Aston Villa,Liverpool,0,6
Man City,Tottenham,1,2
Leicester,Norwich,1,0
Southampton,Chelsea,1,2
Stoke,Aston Villa,2,1
Watford,Bournemouth,0,0
West Brom,Crystal Palace,3,2
West Ham,Sunderland,1,0
Tottenham,Swansea,2,1
Man United,Arsenal,3,2
Aston Villa,Everton,1,3
Bournemouth,Southampton,2,0
Leicester,West Brom,2,2
Norwich,Chelsea,1,2
Sunderland,Crystal Palace,2,2
Arsenal,Swansea,1,2
Liverpool,Man City,3,0
Man United,Watford,1,0
Stoke,Newcastle,1,0
West Ham,Tottenham,1,0
Chelsea,Stoke,1,1
Everton,West Ham,2,3
Man City,Aston Villa,4,0
Newcastle,Bournemouth,1,3
Southampton,Sunderland,1,1
Swansea,Norwich,1,0
Tottenham,Arsenal,2,2
Watford,Leicester,0,1
Crystal Palace,Liverpool,1,2
West Brom,Man United,1,0
Bournemouth,Swansea,3,2
Norwich,Man City,0,0
Stoke,Southampton,1,2
Aston Villa,Tottenham,0,2
Leicester,Newcastle,1,0
Chelsea,West Ham,2,2
Crystal Palace,Leicester,0,1
Everton,Arsenal,0,2
Swansea,Aston Villa,1,0
Watford,Stoke,1,2
West Brom,Norwich,0,1
Man City,Man United,0,1
Newcastle,Sunderland,1,1
Southampton,Liverpool,3,2
Tottenham,Bournemouth,3,0
Arsenal,Watford,4,0
Aston Villa,Chelsea,0,4
Bournemouth,Man City,0,4
Liverpool,Tottenham,1,1
Norwich,Newcastle,3,2
Stoke,Swansea,2,2
Sunderland,West Brom,0,0
West Ham,Crystal Palace,2,2
Leicester,Southampton,1,0
Man United,Everton,1,0
Aston Villa,Bournemouth,1,2
Crystal Palace,Norwich,1,0
Man City,West Brom,2,1
Southampton,Newcastle,3,1
Swansea,Chelsea,1,0
Watford,Everton,1,1
West Ham,Arsenal,3,3
Liverpool,Stoke,4,1
Sunderland,Leicester,0,2
Tottenham,Man United,3,0
Crystal Palace,Everton,0,0
Chelsea,Man City,0,3
Everton,Southampton,1,1
Man United,Aston Villa,1,0
Newcastle,Swansea,3,0
Norwich,Sunderland,0,3
West Brom,Watford,0,1
Arsenal,Crystal Palace,1,1
Bournemouth,Liverpool,1,2
Leicester,West Ham,2,2
Stoke,Tottenham,0,4
Newcastle,Man City,1,1
Liverpool,Everton,4,0
Man United,Crystal Palace,2,0
West Ham,Watford,3,1
Arsenal,West Brom,2,0
Aston Villa,Southampton,2,4
Bournemouth,Chelsea,1,4
Liverpool,Newcastle,2,2
Man City,Stoke,4,0
Leicester,Swansea,4,0
Sunderland,Arsenal,0,0
Tottenham,West Brom,1,1
Arsenal,Norwich,1,0
Everton,Bournemouth,2,1
Newcastle,Crystal Palace,1,0
Stoke,Sunderland,1,1
Watford,Aston Villa,3,2
West Brom,West Ham,0,3
Man United,Leicester,1,1
Southampton,Man City,4,2
Swansea,Liverpool,3,1
Chelsea,Tottenham,2,2
Aston Villa,Newcastle,0,0
Bournemouth,West Brom,1,1
Crystal Palace,Stoke,2,1
Leicester,Everton,3,1
Norwich,Man United,0,1
Sunderland,Chelsea,3,2
West Ham,Swansea,1,4
Liverpool,Watford,2,0
Man City,Arsenal,2,2
Tottenham,Southampton,1,2
West Ham,Man United,3,2
Liverpool,Chelsea,1,1
Norwich,Watford,4,2
Sunderland,Everton,3,0
Arsenal,Aston Villa,4,0
Chelsea,Leicester,1,1
Everton,Norwich,3,0
Newcastle,Tottenham,5,1
Southampton,Crystal Palace,4,1
Stoke,West Ham,2,1
Swansea,Man City,1,1
Watford,Sunderland,2,2
West Brom,Liverpool,1,1
Man United,Bournemouth,3,1
Burnley,Swansea,0,1
Crystal Palace,West Brom,0,1
Everton,Tottenham,1,1
Hull,Leicester,2,1
Man City,Sunderland,2,1
Middlesbrough,Stoke,1,1
Southampton,Watford,1,1
Arsenal,Liverpool,3,4
Bournemouth,Man United,1,3
Chelsea,West Ham,2,1
Man United,Southampton,2,0
Burnley,Liverpool,2,0
Leicester,Arsenal,0,0
Stoke,Man City,1,4
Swansea,Hull,0,2
Tottenham,Crystal Palace,1,0
Watford,Chelsea,1,2
West Brom,Everton,1,2
Sunderland,Middlesbrough,1,2
West Ham,Bournemouth,1,0
Chelsea,Burnley,3,0
Crystal Palace,Bournemouth,1,1
Everton,Stoke,1,0
Hull,Man United,0,1
Leicester,Swansea,2,1
Southampton,Sunderland,1,1
Tottenham,Liverpool,1,1
Watford,Arsenal,1,3
Man City,West Ham,3,1
West Brom,Middlesbrough,0,0
Arsenal,Southampton,2,1
Bournemouth,West Brom,1,0
Burnley,Hull,1,1
Liverpool,Leicester,4,1
Man United,Man City,1,2
Middlesbrough,Crystal Palace,1,2
Stoke,Tottenham,0,4
West Ham,Watford,2,4
Swansea,Chelsea,2,2
Sunderland,Everton,0,3
Chelsea,Liverpool,1,2
Everton,Middlesbrough,3,1
Hull,Arsenal,1,4
Leicester,Burnley,3,0
Man City,Bournemouth,4,0
West Brom,West Ham,4,2
Crystal Palace,Stoke,4,1
Southampton,Swansea,1,0
Tottenham,Sunderland,1,0
Watford,Man United,3,1
Arsenal,Chelsea,3,0
Bournemouth,Everton,1,0
Liverpool,Hull,5,1
Man United,Leicester,4,1
Middlesbrough,Tottenham,1,2
Stoke,West Brom,1,1
Sunderland,Crystal Palace,2,3
Swansea,Man City,1,3
West Ham,Southampton,0,3
Burnley,Watford,2,0
Everton,Crystal Palace,1,1
Hull,Chelsea,0,2
Sunderland,West Brom,1,1
Swansea,Liverpool,1,2
Watford,Bournemouth,2,2
West Ham,Middlesbrough,1,1
Burnley,Arsenal,0,1
Leicester,Southampton,0,0
Man United,Stoke,1,1
Tottenham,Man City,2,0
Arsenal,Swansea,3,2
Bournemouth,Hull,6,1
Chelsea,Leicester,3,0
Crystal Palace,West Ham,0,1
Man City,Everton,1,1
Stoke,Sunderland,2,0
West Brom,Tottenham,1,1
Middlesbrough,Watford,0,1
Southampton,Burnley,3,1
Liverpool,Man United,0,0
Arsenal,Middlesbrough,0,0
Bournemouth,Tottenham,0,0
Burnley,Everton,2,1
Hull,Stoke,0,2
Leicester,Crystal Palace,3,1
Liverpool,West Brom,2,1
Swansea,Watford,0,0
West Ham,Sunderland,1,0
Chelsea,Man United,4,0
Man City,Southampton,1,1
Crystal Palace,Liverpool,2,4
Man United,Burnley,0,0
Middlesbrough,Bournemouth,2,0
Sunderland,Arsenal,1,4
Tottenham,Leicester,1,1
Watford,Hull,1,0
West Brom,Man City,0,4
Everton,West Ham,2,0
Southampton,Chelsea,0,2
Stoke,Swansea,3,1
Bournemouth,Sunderland,1,2
Burnley,Crystal Palace,3,2
Chelsea,Everton,5,0
Man City,Middlesbrough,1,1
West Ham,Stoke,1,1
Arsenal,Tottenham,1,1
Hull,Southampton,2,1
Leicester,West Brom,1,2
Liverpool,Watford,6,1
Swansea,Man United,1,3
Crystal Palace,Man City,1,2
Everton,Swansea,1,1
Man United,Arsenal,1,1
Southampton,Liverpool,0,0
Stoke,Bournemouth,0,1
Sunderland,Hull,3,0
Tottenham,West Ham,3,2
Watford,Leicester,2,1
Middlesbrough,Chelsea,0,1
West Brom,Burnley,4,0
Burnley,Man City,1,2
Chelsea,Tottenham,2,1
Hull,West Brom,1,1
Leicester,Middlesbrough,2,2
Liverpool,Sunderland,2,0
Swansea,Crystal Palace,5,4
Arsenal,Bournemouth,3,1
Man United,West Ham,1,1
Southampton,Everton,1,0
Watford,Stoke,0,1
Crystal Palace,Southampton,3,0
Man City,Chelsea,1,3
Stoke,Burnley,2,0
Sunderland,Leicester,2,1
Tottenham,Swansea,5,0
West Brom,Watford,3,1
West Ham,Arsenal,1,5
Bournemouth,Liverpool,4,3
Everton,Man United,1,1
Middlesbrough,Hull,1,0
Arsenal,Stoke,3,1
Burnley,Bournemouth,3,2
Hull,Crystal Palace,3,3
Leicester,Man City,4,2
Swansea,Sunderland,3,0
Watford,Everton,3,2
Chelsea,West Brom,1,0
Liverpool,West Ham,2,2
Man United,Tottenham,1,0
Southampton,Middlesbrough,1,0
Bournemouth,Leicester,1,0
Everton,Arsenal,2,1
Crystal Palace,Man United,1,2
Man City,Watford,2,0
Middlesbrough,Liverpool,0,3
Stoke,Southampton,0,0
Sunderland,Chelsea,0,1
Tottenham,Hull,3,0
West Brom,Swansea,3,1
West Ham,Burnley,1,0
Crystal Palace,Chelsea,0,1
Middlesbrough,Swansea,3,0
Stoke,Leicester,2,2
Sunderland,Watford,1,0
West Brom,Man United,0,2
West Ham,Hull,1,0
Bournemouth,Southampton,1,3
Man City,Arsenal,2,1
Tottenham,Burnley,2,1
Everton,Liverpool,0,1
Arsenal,West Brom,1,0
Burnley,Middlesbrough,1,0
Chelsea,Bournemouth,3,0
Hull,Man City,0,3
Leicester,Everton,0,2
Man United,Sunderland,3,1
Swansea,West Ham,1,4
Watford,Crystal Palace,1,1
Liverpool,Stoke,4,1
Southampton,Tottenham,1,4
Hull,Everton,2,2
Burnley,Sunderland,4,1
Chelsea,Stoke,4,2
Leicester,West Ham,1,0
Liverpool,Man City,1,0
Man United,Middlesbrough,2,1
Southampton,West Brom,1,2
Swansea,Bournemouth,0,3
Arsenal,Crystal Palace,2,0
Watford,Tottenham,1,4
Everton,Southampton,3,0
Man City,Burnley,2,1
Middlesbrough,Leicester,0,0
Sunderland,Liverpool,2,2
West Brom,Hull,3,1
West Ham,Man United,0,2
Bournemouth,Arsenal,3,3
Crystal Palace,Swansea,1,2
Stoke,Watford,2,0
Tottenham,Chelsea,2,0
Burnley,Southampton,1,0
Hull,Bournemouth,3,1
Leicester,Chelsea,0,3
Sunderland,Stoke,1,3
Swansea,Arsenal,0,4
Tottenham,West Brom,4,0
Watford,Middlesbrough,0,0
West Ham,Crystal Palace,3,0
Everton,Man City,4,0
Man United,Liverpool,1,1
Bournemouth,Watford,2,2
Crystal Palace,Everton,0,1
Liverpool,Swansea,2,3
Man City,Tottenham,2,2
Middlesbrough,West Ham,1,3
Stoke,Man United,1,1
West Brom,Sunderland,2,0
Arsenal,Burnley,2,1
Chelsea,Hull,2,0
Southampton,Leicester,3,0
Arsenal,Watford,1,2
Bournemouth,Crystal Palace,0,2
Burnley,Leicester,1,0
Liverpool,Chelsea,1,1
Middlesbrough,West Brom,1,1
Sunderland,Tottenham,0,0
Swansea,Southampton,2,1
Man United,Hull,0,0
Stoke,Everton,1,1
West Ham,Man City,0,4
Chelsea,Arsenal,3,1
Crystal Palace,Sunderland,0,4
Everton,Bournemouth,6,3
Hull,Liverpool,2,0
Southampton,West Ham,1,3
Tottenham,Middlesbrough,1,0
Watford,Burnley,2,1
West Brom,Stoke,1,0
Leicester,Man United,0,3
Man City,Swansea,2,1
Arsenal,Hull,2,0
Liverpool,Tottenham,2,0
Man United,Watford,2,0
Middlesbrough,Everton,0,0
Stoke,Crystal Palace,1,0
Sunderland,Southampton,0,4
West Ham,West Brom,2,2
Burnley,Chelsea,1,1
Swansea,Leicester,2,0
Bournemouth,Man City,0,2
Chelsea,Swansea,3,1
Crystal Palace,Middlesbrough,1,0
Everton,Sunderland,2,0
Hull,Burnley,1,1
Watford,West Ham,1,1
West Brom,Bournemouth,2,1
Tottenham,Stoke,4,0
Leicester,Liverpool,3,1
Leicester,Hull,3,1
Liverpool,Arsenal,3,1
Man United,Bournemouth,1,1
Stoke,Middlesbrough,2,0
Swansea,Burnley,3,2
Watford,Southampton,3,4
West Brom,Crystal Palace,0,2
Sunderland,Man City,0,2
Tottenham,Everton,3,2
West Ham,Chelsea,1,2
Man City,Stoke,0,0
Bournemouth,West Ham,3,2
Everton,West Brom,3,0
Hull,Swansea,2,1
Liverpool,Burnley,2,1
Bournemouth,Swansea,2,0
Crystal Palace,Watford,1,0
Everton,Hull,4,0
Stoke,Chelsea,1,2
Sunderland,Burnley,0,0
West Brom,Arsenal,3,1
West Ham,Leicester,2,3
Man City,Liverpool,1,1
Middlesbrough,Man United,1,3
Tottenham,Southampton,2,1
Burnley,Tottenham,0,2
Chelsea,Crystal Palace,1,2
Hull,West Ham,2,1
Leicester,Stoke,2,0
Liverpool,Everton,3,1
Man United,West Brom,0,0
Southampton,Bournemouth,0,0
Watford,Sunderland,1,0
Arsenal,Man City,2,2
Swansea,Middlesbrough,0,0
Burnley,Stoke,1,0
Leicester,Sunderland,2,0
Man United,Everton,1,1
Watford,West Brom,2,0
Arsenal,West Ham,3,0
Chelsea,Man City,2,1
Hull,Middlesbrough,4,2
Liverpool,Bournemouth,2,2
Southampton,Crystal Palace,3,1
Swansea,Tottenham,1,3
Bournemouth,Chelsea,1,3
Man City,Hull,3,1
Middlesbrough,Burnley,0,0
Stoke,Liverpool,1,2
Tottenham,Watford,4,0
West Brom,Southampton,0,1
West Ham,Swansea,1,0
Everton,Leicester,4,2
Sunderland,Man United,0,3
Crystal Palace,Arsenal,3,0
Crystal Palace,Leicester,2,2
Everton,Burnley,3,1
Southampton,Man City,0,3
Stoke,Hull,3,1
Sunderland,West Ham,2,2
Tottenham,Bournemouth,4,0
Watford,Swansea,1,0
Man United,Chelsea,2,0
West Brom,Liverpool,0,1
Middlesbrough,Arsenal,1,2
Bournemouth,Middlesbrough,4,0
Hull,Watford,2,0
Swansea,Stoke,2,0
West Ham,Everton,0,0
Burnley,Man United,0,2
Liverpool,Crystal Palace,1,2
Chelsea,Southampton,4,2
Arsenal,Leicester,1,0
Crystal Palace,Tottenham,0,1
Middlesbrough,Sunderland,1,0
Man City,Man United,0,0
Crystal Palace,Burnley,0,2
Southampton,Hull,0,0
Stoke,West Ham,0,0
Sunderland,Bournemouth,0,1
West Brom,Leicester,0,1
Everton,Chelsea,0,3
Man United,Swansea,1,1
Middlesbrough,Man City,2,2
Tottenham,Arsenal,2,0
Watford,Liverpool,0,1
West Ham,Tottenham,1,0
Bournemouth,Stoke,2,2
Burnley,West Brom,2,2
Hull,Sunderland,0,2
Leicester,Watford,3,0
Man City,Crystal Palace,5,0
Swansea,Everton,1,0
Arsenal,Man United,2,0
Liverpool,Southampton,0,0
Chelsea,Middlesbrough,3,0
Southampton,Arsenal,0,2
Everton,Watford,1,0
West Brom,Chelsea,0,1
Bournemouth,Burnley,2,1
Man City,Leicester,2,1
Middlesbrough,Southampton,1,2
Stoke,Arsenal,1,4
Sunderland,Swansea,0,2
Crystal Palace,Hull,4,0
Tottenham,Man United,2,1
West Ham,Liverpool,0,4
Chelsea,Watford,4,3
Arsenal,Sunderland,2,0
Man City,West Brom,3,1
Southampton,Man United,0,0
Leicester,Tottenham,1,6
Arsenal,Everton,3,1
Burnley,West Ham,1,2
Chelsea,Sunderland,5,1
Hull,Tottenham,1,7
Leicester,Bournemouth,1,1
Liverpool,Middlesbrough,3,0
Man United,Crystal Palace,2,0
Southampton,Stoke,0,1
Swansea,West Brom,2,1
Watford,Man City,0,5
Arsenal,Leicester,4,3
Brighton,Man City,0,2
Chelsea,Burnley,2,3
Crystal Palace,Huddersfield,0,3
Everton,Stoke,1,0
Southampton,Swansea,0,0
Watford,Liverpool,3,3
West Brom,Bournemouth,1,0
Man United,West Ham,4,0
Newcastle,Tottenham,0,2
Bournemouth,Watford,0,2
Burnley,West Brom,0,1
Leicester,Brighton,2,0
Liverpool,Crystal Palace,1,0
Southampton,West Ham,3,2
Stoke,Arsenal,1,0
Swansea,Man United,0,4
Huddersfield,Newcastle,1,0
Tottenham,Chelsea,1,2
Man City,Everton,1,1
Bournemouth,Man City,1,2
Crystal Palace,Swansea,0,2
Huddersfield,Southampton,0,0
Man United,Leicester,2,0
Newcastle,West Ham,3,0
Watford,Brighton,0,0
Chelsea,Everton,2,0
Liverpool,Arsenal,4,0
Tottenham,Burnley,1,1
West Brom,Stoke,1,1
Arsenal,Bournemouth,3,0
Brighton,West Brom,3,1
Everton,Tottenham,0,3
Leicester,Chelsea,1,2
Man City,Liverpool,5,0
Southampton,Watford,0,2
Stoke,Man United,2,2
Burnley,Crystal Palace,1,0
Swansea,Newcastle,0,1
West Ham,Huddersfield,2,0
Bournemouth,Brighton,2,1
Crystal Palace,Southampton,0,1
Huddersfield,Leicester,1,1
Liverpool,Burnley,1,1
Newcastle,Stoke,2,1
Tottenham,Swansea,0,0
Watford,Man City,0,6
West Brom,West Ham,0,0
Chelsea,Arsenal,0,0
Man United,Everton,4,0
Burnley,Huddersfield,0,0
Everton,Bournemouth,2,1
Leicester,Liverpool,2,3
Man City,Crystal Palace,5,0
Southampton,Man United,0,1
Stoke,Chelsea,0,4
Swansea,Watford,1,2
West Ham,Tottenham,2,3
Brighton,Newcastle,1,0
Arsenal,West Brom,2,0
Bournemouth,Leicester,0,0
Chelsea,Man City,0,1
Huddersfield,Tottenham,0,4
Man United,Crystal Palace,4,0
Stoke,Southampton,2,1
West Brom,Watford,2,2
West Ham,Swansea,1,0
Arsenal,Brighton,2,0
Everton,Burnley,0,1
Newcastle,Liverpool,1,1
Burnley,West Ham,1,1
Crystal Palace,Chelsea,2,1
Liverpool,Man United,0,0
Man City,Stoke,7,2
Swansea,Huddersfield,2,0
Tottenham,Bournemouth,1,0
Watford,Arsenal,2,1
Brighton,Everton,1,1
Southampton,Newcastle,2,2
Leicester,West Brom,1,1
West Ham,Brighton,0,3
Chelsea,Watford,4,2
Huddersfield,Man United,2,1
Man City,Burnley,3,0
Newcastle,Crystal Palace,1,0
Southampton,West Brom,1,0
Stoke,Bournemouth,1,2
Swansea,Leicester,1,2
Everton,Arsenal,2,5
Tottenham,Liverpool,4,1
Arsenal,Swansea,2,1
Bournemouth,Chelsea,0,1
Crystal Palace,West Ham,2,2
Liverpool,Huddersfield,3,0
Man United,Tottenham,1,0
Watford,Stoke,0,1
West Brom,Man City,2,3
Brighton,Southampton,1,1
Leicester,Everton,2,0
Burnley,Newcastle,1,0
Huddersfield,West Brom,1,0
Newcastle,Bournemouth,0,1
Southampton,Burnley,0,1
Stoke,Leicester,2,2
Swansea,Brighton,0,1
West Ham,Liverpool,1,4
Chelsea,Man United,1,0
Everton,Watford,3,2
Man City,Arsenal,3,1
Tottenham,Crystal Palace,1,0
Arsenal,Tottenham,2,0
Bournemouth,Huddersfield,4,0
Burnley,Swansea,2,0
Crystal Palace,Everton,2,2
Leicester,Man City,0,2
Liverpool,Southampton,3,0
Man United,Newcastle,4,1
West Brom,Chelsea,0,4
Watford,West Ham,2,0
Brighton,Stoke,2,2
West Ham,Leicester,1,1
Crystal Palace,Stoke,2,1
Liverpool,Chelsea,1,1
Man United,Brighton,1,0
Newcastle,Watford,0,3
Swansea,Bournemouth,0,0
Tottenham,West Brom,1,1
Burnley,Arsenal,0,1
Huddersfield,Man City,1,2
Southampton,Everton,4,1
Brighton,Crystal Palace,0,0
Leicester,Tottenham,2,1
Watford,Man United,2,4
West Brom,Newcastle,2,2
Arsenal,Huddersfield,5,0
Bournemouth,Burnley,1,2
Chelsea,Swansea,1,0
Everton,West Ham,4,0
Man City,Southampton,2,1
Stoke,Liverpool,0,3
Arsenal,Man United,1,3
Brighton,Liverpool,1,5
Chelsea,Newcastle,3,1
Everton,Huddersfield,2,0
Leicester,Burnley,1,0
Stoke,Swansea,2,1
Watford,Tottenham,1,1
West Brom,Crystal Palace,0,0
Bournemouth,Southampton,1,1
Man City,West Ham,2,1
Burnley,Watford,1,0
Crystal Palace,Bournemouth,2,2
Huddersfield,Brighton,2,0
Newcastle,Leicester,2,3
Swansea,West Brom,1,0
Tottenham,Stoke,5,1
West Ham,Chelsea,1,0
Liverpool,Everton,1,1
Man United,Man City,1,2
Southampton,Arsenal,1,1
Burnley,Stoke,1,0
Crystal Palace,Watford,2,1
Huddersfield,Chelsea,1,3
Liverpool,West Brom,0,0
Man United,Bournemouth,1,0
Newcastle,Everton,0,1
Southampton,Leicester,1,4
Swansea,Man City,0,4
Tottenham,Brighton,2,0
West Ham,Arsenal,0,0
Arsenal,Newcastle,1,0
Brighton,Burnley,0,0
Chelsea,Southampton,1,0
Leicester,Crystal Palace,0,3
Man City,Tottenham,4,1
Stoke,West Ham,0,3
Watford,Huddersfield,1,4
Bournemouth,Liverpool,0,4
West Brom,Man United,1,2
Everton,Swansea,3,1
Arsenal,Liverpool,3,3
Brighton,Watford,1,0
Burnley,Tottenham,0,3
Everton,Chelsea,0,0
Leicester,Man United,2,2
Man City,Bournemouth,4,0
Southampton,Huddersfield,1,1
Stoke,West Brom,3,1
Swansea,Crystal Palace,1,1
West Ham,Newcastle,2,3
Bournemouth,West Ham,3,3
Chelsea,Brighton,2,0
Huddersfield,Stoke,1,1
Liverpool,Swansea,5,0
Man United,Burnley,2,2
Tottenham,Southampton,5,2
Watford,Leicester,2,1
West Brom,Everton,0,0
Newcastle,Man City,0,1
Crystal Palace,Arsenal,2,3
Bournemouth,Everton,2,1
Chelsea,Stoke,5,0
Huddersfield,Burnley,0,0
Liverpool,Leicester,2,1
Man United,Southampton,0,0
Newcastle,Brighton,0,0
Watford,Swansea,1,2
Crystal Palace,Man City,0,0
West Brom,Arsenal,1,1
Brighton,Bournemouth,2,2
Burnley,Liverpool,1,2
Everton,Man United,0,2
Leicester,Huddersfield,3,0
Stoke,Newcastle,0,1
Man City,Watford,3,1
Southampton,Crystal Palace,1,2
Swansea,Tottenham,0,2
West Ham,West Brom,2,1
Arsenal,Chelsea,2,2
Tottenham,West Ham,1,1
Chelsea,Leicester,0,0
Crystal Palace,Burnley,1,0
Huddersfield,West Ham,1,4
Newcastle,Swansea,1,1
Tottenham,Everton,4,0
Watford,Southampton,2,2
West Brom,Brighton,2,0
Bournemouth,Arsenal,2,1
Liverpool,Man City,4,3
Man United,Stoke,3,0
Arsenal,Crystal Palace,4,1
Brighton,Chelsea,0,4
Burnley,Man United,0,1
Everton,West Brom,1,1
Leicester,Watford,2,0
Man City,Newcastle,3,1
Stoke,Huddersfield,2,0
West Ham,Bournemouth,1,1
Southampton,Tottenham,1,1
Swansea,Liverpool,1,0
Huddersfield,Liverpool,0,3
Swansea,Arsenal,3,1
West Ham,Crystal Palace,1,1
Chelsea,Bournemouth,0,3
Everton,Leicester,2,1
Man City,West Brom,3,0
Newcastle,Burnley,1,1
Southampton,Brighton,1,1
Stoke,Watford,0,0
Tottenham,Man United,2,0
Arsenal,Everton,5,1
Bournemouth,Stoke,2,1
Brighton,West Ham,3,1
Burnley,Man City,1,1
Leicester,Swansea,1,1
Man United,Huddersfield,2,0
West Brom,Southampton,2,3
Crystal Palace,Newcastle,1,1
Liverpool,Tottenham,2,2
Watford,Chelsea,4,1
Everton,Crystal Palace,3,1
Man City,Leicester,5,1
Stoke,Brighton,1,1
Swansea,Burnley,1,0
Tottenham,Arsenal,1,0
West Ham,Watford,2,0
Huddersfield,Bournemouth,4,1
Newcastle,Man United,1,0
Southampton,Liverpool,0,2
Chelsea,West Brom,3,0
Bournemouth,Newcastle,2,2
Brighton,Swansea,4,1
Burnley,Southampton,1,1
Leicester,Stoke,1,1
Liverpool,West Ham,4,1
Watford,Everton,1,0
West Brom,Huddersfield,1,2
Crystal Palace,Tottenham,0,1
Man United,Chelsea,2,1
Arsenal,Man City,0,3
Burnley,Everton,2,1
Leicester,Bournemouth,1,1
Liverpool,Newcastle,2,0
Southampton,Stoke,0,0
Swansea,West Ham,4,1
Tottenham,Huddersfield,2,0
Watford,West Brom,1,0
Brighton,Arsenal,2,1
Man City,Chelsea,1,0
Crystal Palace,Man United,2,3
Chelsea,Crystal Palace,2,1
Everton,Brighton,2,0
Huddersfield,Swansea,0,0
Man United,Liverpool,2,1
Newcastle,Southampton,3,0
West Brom,Leicester,1,4
West Ham,Burnley,0,3
Arsenal,Watford,3,0
Bournemouth,Tottenham,1,4
Stoke,Man City,0,2
Bournemouth,West Brom,2,1
Huddersfield,Crystal Palace,0,2
Liverpool,Watford,5,0
Stoke,Everton,1,2
